SiteID,Habitat,Dist2UrbanKM,ProtectedArea,AnnualPrecipMM,RoadDensity2km,Size,JulyMaxTemp,JanMinTemp,Latitude,Longitude,TrailDensity_Continuous,TrailDensity_Categorical,Precip,Jantemp,Julytemp,HuntingPresence
2012-1000,Douglas Fir Forest,3.19,WATERSHED,1075,0,37409.02637,21,4,37.54592649,-122.4304208,0.655071,1,0.305641645,-0.241559318,-2.276018789,0
2012-1012,Douglas Fir Forest,4.8,POINT,1080,263.871785,115583.354,24,5,37.98392,-122.75819,2.324763,2,0.324798594,0.631770524,-1.178861014,0
2012-1015,Redwood Forest,5.91,MIDPEN,845,1851.328751,50605.28419,24,4,37.25331601,-122.2055084,2.357072,2,-0.575577999,-0.241559318,-1.178861014,0
2012-1069,Redwood Forest,5.42,WATERSHED,840,684.897344,37409.02637,20,5,37.414277,-122.362748,6.404633,4,-0.594734947,0.631770524,-2.641738048,1
2012-115(12),Douglas Fir Forest,5.13,POINT,902,1101.558997,115583.354,24,5,37.95633,-122.70512,1.090548,1,-0.357188783,0.631770524,-1.178861014,1
2012-482,Redwood Forest,0.79,POINT,1056,4105.122764,115583.354,21,5,37.89943,-122.57771,6.237303,4,0.23284524,0.631770524,-2.276018789,1
2012-490,Redwood Forest,0,MARKS,915,1776.417548,11714.09602,28,5,37.03881992,-121.877392,3.35529,3,-0.307380716,0.631770524,0.28401602,0
2012-517,Montane Hardwoods,1.13,SHILOH,978,1480.693341,694.519996,28,3,38.52825,-122.74978,3.131686,2,-0.066003161,-1.11488916,0.28401602,1
2012-526(12),Oak,9.6,COE,611,260.016883,101647.7601,30,2,37.08121726,-121.4553587,2.150909,2,-1.472123201,-1.988219002,1.015454537,0
2012-544,Oak,1.03,JASPER,693,2552.169037,1056.808977,28,4,37.40828021,-122.2193394,2.243833,2,-1.157949241,-0.241559318,0.28401602,1
2012-568,Redwood Forest,11.7,BASIN,946,201.464275,31481.22616,25,6,37.12919712,-122.2742055,1.293106,1,-0.188607633,1.505100366,-0.813141755,0
2012-583,Redwood Forest,4.91,MADERA,926,987.301853,3620.1984,23,5,37.38367556,-122.3253356,2.264692,2,-0.265235428,0.631770524,-1.544580272,1
2012-613,Douglas Fir Forest,2.54,POINT,1320,1236.825819,115583.354,26,5,37.93534,-122.63147,1.892727,2,1.244332135,0.631770524,-0.447422497,0
2012-622,Douglas Fir Forest,3.98,POINT,974,265.225259,115583.354,23,4,38.01497,-122.78331,0.343438,1,-0.08132872,-0.241559318,-1.544580272,0
2012-640,Redwood Forest,10.98,BASIN,917,183.002161,31481.22616,26,4,37.15393949,-122.2719163,2.432951,2,-0.299717936,-0.241559318,-0.447422497,0
2012-655(12),Montane Hardwoods,0.642,PALI,934,569.945622,2294.42,27,4,38.14982,-122.57521,5.549781,4,-0.23458431,-0.241559318,-0.081703239,0
2012-685,Douglas Fir Forest,3.66,BOTH,1157,308.182066,641.278163,32,3,38.53862,-122.53777,2.172266,2,0.619815605,-1.11488916,1.746893054,0
2012-694,Oak,7.65,PEPPERWOOD,1049,922.726358,3555.023878,32,4,38.57976,-122.69183,2.491071,2,0.206025512,-0.241559318,1.746893054,1
2012-703,Redwood Forest,1.78,MARKS,1272,713.622695,11714.09602,27,6,37.07354187,-121.8920287,2.104209,2,1.060425427,1.505100366,-0.081703239,0
2012-718,Redwood Forest,1.06,LONDON,1146,767.665211,3766.165,31,3,38.33541,-122.54442,2.216249,2,0.577670318,-1.11488916,1.381173795,1
2012-721,Douglas Fir Forest,6.34,POINT,854,0,115583.354,21,5,37.95048,-122.75467,2.147307,2,-0.541095491,0.631770524,-2.276018789,1
2012-724,Douglas Fir Forest,4.73,POINT,933,65.430714,115583.354,22,5,37.94339,-122.73329,1.774556,2,-0.2384157,0.631770524,-1.910299531,0
2012-733,Redwood Forest,1.44,MARKS,993,1409.510032,11714.09602,28,6,37.048396,-121.909691,1.95894,2,-0.008532315,1.505100366,0.28401602,1
2012-742,Redwood Forest,10.55,BASIN,971,820.10951,31481.22616,27,6,37.17883081,-122.2606912,1.760876,2,-0.092822889,1.505100366,-0.081703239,1
2012-754,Oak,10.2,COE,611,164.62119,101647.7601,30,2,37.07659,-121.44873,2.114429,2,-1.472123201,-1.988219002,1.015454537,0
2012-775,Douglas Fir Forest,2.11,WATERSHED,841,731.47428,37409.02637,23,5,37.52551002,-122.3836154,1.033231,1,-0.590903558,0.631770524,-1.544580272,1
2012-778,Oak,11.71,COE,618,506.564056,101647.7601,29,3,37.099476,-121.435357,2.495385,2,-1.445303473,-1.11488916,0.649735278,0
2012-787,Redwood Forest,9.83,BASIN,981,157.729225,31481.22616,27,6,37.16308272,-122.2564256,3.181177,2,-0.054508992,1.505100366,-0.081703239,0
2012-796,Montane Hardwoods,1.26,ANNADEL,1152,500.968213,5419.716,30,4,38.41758,-122.61422,6.467406,5,0.600658656,-0.241559318,1.015454537,0
2012-847,Redwood Forest,3.14,BOTH,1057,508.362873,641.278163,33,3,38.54415,-122.53258,3.457217,3,0.23667663,-1.11488916,2.112612312,0
2012-859,Montane Hardwoods,5.72,PEPPERWOOD,1026,137.829613,3555.024,30,3,38.57444,-122.71931,1.351423,1,0.117903547,-1.11488916,1.015454537,1
2012-874,Redwood Forest,2.31,WATERSHED,1073,1274.515263,37409.02637,28,5,37.44324365,-122.315674,0.589741,1,0.297978866,0.631770524,0.28401602,1
2012-889(12),Redwood Forest,1.16,MARKS,881,1573.213614,11714.09602,27,5,37.027217,-121.91441,1.481187,1,-0.437647967,0.631770524,-0.081703239,1
2012-979(12),Montane Hardwoods,2.33,LONE,573,246.581476,50792.41238,27,4,37.54803,-121.83134,1.499229,1,-1.617716012,-0.241559318,-0.081703239,1
2012-982,Montane Hardwoods,9.4,COE,620,274.799956,101647.7601,31,3,37.0990936,-121.460797,3.579116,3,-1.437640694,-1.11488916,1.381173795,0
2012-CAN3,Montane Hardwoods,15.83,COE,582,694.806857,101647.7601,30,4,37.04882934,-121.3784929,1.690424,2,-1.583233504,-0.241559318,1.015454537,0
2012-Jen1,Douglas Fir Forest,8.59,JENNER,1438,114.394048,6671.815539,25,4,38.47812,-123.12885,1.636171,2,1.696436126,-0.241559318,-0.813141755,1
2012-N235,Douglas Fir Forest,1.11,MIDPEN,1009,1492.058912,50605.28419,26,6,37.281399,-122.138241,3.162226,2,0.052769921,1.505100366,-0.447422497,0
2012-N250,Douglas Fir Forest,1.59,ANNADEL,1140,1418.773951,5419.716,29,5,38.40406,-122.58787,2.786231,2,0.554681979,0.631770524,0.649735278,1
2013-10,Montane Hardwoods,10.61,CAMAS,1112,280.773337,17369.545,31,3,38.70307,-122.7441,2.756418,2,0.447403066,-1.11488916,1.381173795,0
2013-100,Oak,5.04,GRANT,634,597.210401,16349.3938,27,5,37.34972,-121.7101,2.320572,2,-1.384001237,0.631770524,-0.081703239,1
2013-1036,Redwood Forest,2.97,MADONNA,931,1547.72234,3677.87386,28,5,37.01754,-121.7132,4.904438,4,-0.24607848,0.631770524,0.28401602,1
2013-1039,Redwood Forest,1.25,FALLSCREEK,1442,2278.989638,2825.955,28,5,37.07151,-122.1084,2.782333,2,1.711761685,0.631770524,0.28401602,1
2013-106,Douglas Fir Forest,7.44,PEPPERWOOD,1049,827.05367,3555.023878,32,4,38.58381,-122.6895,1.508102,1,0.206025512,-0.241559318,1.746893054,0
2013-1063,Oak,5.36,GRANT,627,562.111436,16349.3938,27,5,37.34644,-121.7036,2.667162,2,-1.410820965,0.631770524,-0.081703239,1
2013-1087,Montane Hardwoods,0.62,POINT,1189,2117.054249,115583.354,27,3,37.97832,-122.6236,3.554244,3,0.742420077,-1.11488916,-0.081703239,0
2013-1099,Montane Hardwoods,6.15,DUFF,1293,725.899137,9497.890628,30,4,38.65275,-122.5948,1.616687,2,1.140884612,-0.241559318,1.015454537,0
2013-10Old,Oak,10.92,CAMAS,1112,282.318292,17369.545,32,3,38.70137,-122.7448,2.756418,2,0.447403066,-1.11488916,1.746893054,0
2013-11,Montane Hardwoods,11.25,CAMAS,1184,864.82372,17369.545,27,4,38.73126,-122.7647,2.063687,2,0.723263128,-0.241559318,-0.081703239,1
2013-1102,Montane Hardwoods,0,INGA,1030,2315.951384,5591.517697,28,4,38.05202,-122.5619,3.029367,2,0.133229106,-0.241559318,0.28401602,1
2013-1132,Oak,12.09,COE,621,492.461348,101647.7601,30,3,37.10532,-121.4309,2.504404,2,-1.433809304,-1.11488916,1.015454537,1
2013-1144,Redwood Forest,0.06,WATERSHED,1114,1755.050988,37409.02637,26,6,37.42524,-122.3022,1.990456,2,0.455065846,1.505100366,-0.447422497,0
2013-115,Redwood Forest,2.15,POINT,1083,1679.309056,115583.354,25,4,37.90049,-122.6098,3.769587,3,0.336292763,-0.241559318,-0.813141755,1
2013-1153,Oak,2.75,WATERSHED,1041,0,37409.02637,20,5,37.55182,-122.4168,1.119132,1,0.175374393,0.631770524,-2.641738048,0
2013-1189,Oak,0,POINT,909,4745.932113,115583.354,20,5,37.86708,-122.5248,3.193831,2,-0.330369054,0.631770524,-2.641738048,1
2013-1201,Oak,0.67,CALERO,739,610.845619,3144.512252,29,4,37.17189,-121.7787,2.744954,2,-0.981705313,-0.241559318,0.649735278,0
2013-1207,Douglas Fir Forest,0.85,MIDPEN,1033,1783.203359,50605.28419,26,6,37.31304,-122.1921,5.368388,4,0.144723275,1.505100366,-0.447422497,0
2013-1213,Oak,0,MIDPEN,1001,1424.396804,50605.28419,28,6,37.36007,-122.2347,5.563001,4,0.022118803,1.505100366,0.28401602,1
2013-1234,Redwood Forest,0,POINT,1064,7716.260649,115583.354,24,4,37.93096,-122.5442,3.649317,3,0.263496358,-0.241559318,-1.178861014,0
2013-124,Oak,4.28,DIABLO,549,687.920708,62344.03179,32,2,37.90916,-121.8667,0.646697,1,-1.709669366,-1.988219002,1.746893054,1
2013-1243,Douglas Fir Forest,5.38,COAST,1317,483.286446,10429.14622,21,4,38.42548,-123.07,2.145653,2,1.232837966,-0.241559318,-2.276018789,1
2013-1246,Oak,9.5,COE,576,0,101647.7601,33,3,37.1716,-121.4806,4.246771,3,-1.606221843,-1.11488916,2.112612312,0
2013-1312,Oak,5.52,MIDPEN,1158,2512.02087,50605.28419,26,6,37.23905,-122.1243,3.659186,3,0.623646995,1.505100366,-0.447422497,0
2013-133,Redwood Forest,3.45,MIDPEN,960,1997.134133,50605.28419,27,5,37.27005,-122.1896,1.366501,1,-0.134968177,0.631770524,-0.081703239,0
2013-136,Douglas Fir Forest,6.02,AUSTIN,1412,555.817133,6423.240986,29,2,38.56187,-123.0543,2.185234,2,1.596819993,-1.988219002,0.649735278,1
2013-1381,Redwood Forest,2.13,WATERSHED,1089,2192.143859,37409.02637,24,6,37.42996,-122.3269,0.453182,1,0.359281102,1.505100366,-1.178861014,0
2013-1384,Montane Hardwoods,0,SHILOH,920,3139.644632,694.519996,28,2,38.52157,-122.7541,3.943974,3,-0.288223767,-1.988219002,0.28401602,1
2013-1390,Redwood Forest,7.76,MIDPEN,917,1387.303553,50605.28419,28,5,37.25652,-122.2398,2.483442,2,-0.299717936,0.631770524,0.28401602,0
2013-1402,Oak,0.39,CALERO,779,427.001964,3144.512252,29,4,37.17025,-121.7844,2.925459,2,-0.828449722,-0.241559318,0.649735278,1
2013-142,Oak,0.89,EBMUD,667,2016.753421,23325.51452,26,3,37.80752,-122.1328,1.741261,2,-1.257565375,-1.11488916,-0.447422497,1
2013-1426,Douglas Fir Forest,2.4,WATERSHED,876,2404.018468,37409.02637,22,5,37.55507,-122.3976,0.300672,1,-0.456804916,0.631770524,-1.910299531,1
2013-1429,Montane Hardwoods,0.71,ANNADEL,955,2853.336235,5419.716,29,3,38.44299,-122.6426,5.044598,4,-0.154125125,-1.11488916,0.649735278,1
2013-145,Montane Hardwoods,0,INGA,958,3697.850375,5591.517697,28,4,38.05489,-122.5553,2.654534,2,-0.142630956,-0.241559318,0.28401602,1
2013-1453,Montane Hardwoods,1.64,POINT,1205,2068.749914,115583.354,27,4,37.96233,-122.6161,3.877975,3,0.803722313,-0.241559318,-0.081703239,1
2013-148,Oak,0,MARKS,745,6152.848634,11714.09602,25,5,36.99663,-121.906,0.053845,1,-0.958716974,0.631770524,-0.813141755,0
2013-15,Oak,8.68,JENNER,1969,415.945377,6671.815539,27,5,38.51041,-123.1149,0.249309,1,3.730904086,0.631770524,-0.081703239,0
2013-1513,Oak,0,DIABLO,520,998.829014,62344.03179,29,3,37.87443,-121.976,3.931264,3,-1.820779669,-1.11488916,0.649735278,1
2013-1546,Redwood Forest,6.95,MIDPEN,814,1668.464972,50605.28419,28,4,37.27117,-122.2392,2.207893,2,-0.694351081,-0.241559318,0.28401602,0
2013-1549,Douglas Fir Forest,0.003,FRENCH,998,1768.374346,661.979742,26,4,38.03115,-122.6857,2.230697,2,0.010624634,-0.241559318,-0.447422497,0
2013-169,Redwood Forest,12.11,BASIN,1042,1645.314417,31481.22616,27,6,37.2177,-122.2586,1.097394,1,0.179205783,1.505100366,-0.081703239,0
2013-175,Redwood Forest,12.15,BASIN,965,142.333,31481.22616,26,6,37.19699,-122.2717,0.743274,1,-0.115811228,1.505100366,-0.447422497,1
2013-193,Montane Hardwoods,0,FOOTHILL,996,3324.977736,210.489859,29,2,38.56457,-122.7911,6.194709,4,0.002961854,-1.988219002,0.649735278,1
2013-2,Montane Hardwoods,1.9,ERIE,972,1603.065818,1640.850622,31,3,38.37666,-122.5026,1.091215,1,-0.0889915,-1.11488916,1.381173795,1
2013-21,Douglas Fir Forest,1.89,POINT,957,1180.427933,115583.354,26,4,38.0258,-122.7376,4.658071,4,-0.146462346,-0.241559318,-0.447422497,0
2013-214,Oak,3.1,WATERSHED,951,135.385441,37409.02637,22,4,37.52558,-122.3951,0.406972,1,-0.169450684,-0.241559318,-1.910299531,0
2013-22,Oak,2.17,DUFF,1127,121.98717,9497.890628,29,3,38.6173,-122.4965,1.262087,1,0.504873912,-1.11488916,0.649735278,0
2013-226,Oak,5.93,MIDPEN,1251,1242.519367,50605.28419,25,6,37.2344,-122.1225,3.635444,3,0.979966242,1.505100366,-0.813141755,0
2013-22BU,Montane Hardwoods,2.96,DUFF,1144,98.744965,9497.890628,29,4,38.61814,-122.5083,1.197175,1,0.570007538,-0.241559318,0.649735278,0
2013-23,Montane Hardwoods,4.55,DUFF,1121,166.706893,9497.890628,29,4,38.61341,-122.5349,1.23709,1,0.481885574,-0.241559318,0.649735278,0
2013-232,Redwood Forest,16.31,BASIN,824,1005.448891,31481.22616,24,5,37.21628,-122.322,3.215559,2,-0.656037183,0.631770524,-1.178861014,1
2013-238,Douglas Fir Forest,1.98,POINT,817,1652.821218,115583.354,23,5,37.93438,-122.6702,1.069715,1,-0.682856912,0.631770524,-1.544580272,1
2013-238BU,Douglas Fir Forest,1.98,POINT,1031,1603.936913,115583.354,26,5,37.93631,-122.6666,1.379843,1,0.137060496,0.631770524,-0.447422497,1
2013-244,Redwood Forest,0.45,MADERA,1026,2888.715711,3620.1984,30,5,37.40456,-122.2652,2.532354,2,0.117903547,0.631770524,1.015454537,0
2013-247,Douglas Fir Forest,0,POINT,1021,2739.614788,115583.354,26,5,38.0042,-122.7038,3.952724,3,0.098746598,0.631770524,-0.447422497,1
2013-25,Redwood Forest,8.86,JENNER,1438,130.161457,6671.815539,25,4,38.47928,-123.1306,1.636171,2,1.696436126,-0.241559318,-0.813141755,1
2013-256,Oak,0.91,ANNADEL,1140,859.704909,5419.716,30,4,38.41365,-122.6042,5.847596,4,0.554681979,-0.241559318,1.015454537,0
2013-26,Redwood Forest,7.82,JENNER,1629,106.634168,6671.815539,26,3,38.48657,-123.1186,1.636171,2,2.42823157,-1.11488916,-0.447422497,1
2013-280,Douglas Fir Forest,0.99,MIDPEN,912,1056.361953,50605.28419,27,6,37.28504,-122.1333,3.765553,3,-0.318874885,1.505100366,-0.081703239,0
2013-286,Douglas Fir Forest,4.36,POINT,1018,303.052907,115583.354,23,5,38.0062,-122.7719,4.078953,3,0.087252429,0.631770524,-1.544580272,1
2013-3,Montane Hardwoods,1.76,ERIE,925,1688.013031,1640.850622,30,2,38.37145,-122.5036,0.715938,1,-0.269066818,-1.988219002,1.015454537,0
2013-310,Redwood Forest,2.48,MADERA,1019,1026.880808,3620.1984,25,6,37.3996,-122.3153,9.136518,6,0.091083819,1.505100366,-0.813141755,1
2013-319,Redwood Forest,3.64,MIDPEN,1272,1566.577843,50605.28419,27,6,37.2085,-122.041,1.720249,2,1.060425427,1.505100366,-0.081703239,0
2013-328(13),Redwood Forest,2.74,MARKS,1163,2292.890081,11714.09602,28,6,37.08559,-121.8973,1.503218,1,0.642803944,1.505100366,0.28401602,0
2013-33,Oak,0,GARIN,623,769.969866,3457.479983,27,4,37.61494,-121.9893,0.271034,1,-1.426146524,-0.241559318,-0.081703239,0
2013-334,Montane Hardwoods,0.48,LONDON,1371,716.72251,3766.165,31,2,38.34859,-122.5662,3.769315,3,1.439733013,-1.988219002,1.381173795,0
2013-34,Oak,0.14,GARIN,585,2478.552293,3457.479983,25,4,37.63753,-122.0264,2.305151,2,-1.571739335,-0.241559318,-0.813141755,0
2013-340,Redwood Forest,0.9,WELL,1122,3780.77111,2600.534878,26,4,37.02983,-122.0469,5.735787,4,0.485716964,-0.241559318,-0.447422497,1
2013-343,Redwood Forest,3.33,FALLSCREEK,1854,2635.653382,2825.955,27,6,37.08252,-122.1321,1.432284,1,3.290294265,1.505100366,-0.081703239,1
2013-37,Montane Hardwoods,7.02,LAKE,1205,392.933228,22174.97547,30,3,38.71664,-123.0423,4.58203,3,0.803722313,-1.11488916,1.015454537,1
2013-379,Redwood Forest,5.23,BASIN,1083,2593.000894,31481.22616,27,6,37.18487,-122.1921,2.173101,2,0.336292763,1.505100366,-0.081703239,1
2013-4,Douglas Fir Forest,2.35,LOAF,1221,195.213373,6865.737018,28,3,38.46209,-122.5593,4.083811,3,0.865024549,-1.11488916,0.28401602,0
2013-40,Douglas Fir Forest,6.5,DUFF,1220,717.776696,9497.890628,29,4,38.65141,-122.5873,1.344197,1,0.86119316,-0.241559318,0.649735278,0
2013-415,Oak,0.26,DIABLO,597,1085.205903,62344.03179,30,5,37.87232,-121.9456,2.704499,2,-1.525762658,0.631770524,1.015454537,1
2013-427,Oak,0,RUSH,741,1530.68649,488.35,26,4,38.12781,-122.5363,6.061631,4,-0.974042533,-0.241559318,-0.447422497,0
2013-427BU,Oak,0.37,RUSH,779,4884.710043,488.35,27,4,38.11979,-122.5595,3.960456,3,-0.828449722,-0.241559318,-0.081703239,1
2013-430,Redwood Forest,5.89,MIDPEN,845,1725.191366,50605.28419,29,3,37.25448,-122.2094,3.425202,3,-0.575577999,-1.11488916,0.649735278,1
2013-442,Oak,6.03,COE,659,208.175382,101647.7601,29,4,37.21933,-121.5277,2.45592,2,-1.288216493,-0.241559318,0.649735278,0
2013-457,Oak,12.03,LONE,627,1159.447318,50792.41238,29,3,37.54491,-121.7112,1.087735,1,-1.410820965,-1.11488916,0.649735278,0
2013-46,Oak,4.18,GRANT,643,89.977729,16349.3938,27,4,37.3699,-121.7211,1.351153,1,-1.349518729,-0.241559318,-0.081703239,0
2013-463,Montane Hardwoods,0,POINT,1293,5273.770918,115583.354,25,4,37.92983,-122.5604,7.080976,5,1.140884612,-0.241559318,-0.813141755,0
2013-466,Montane Hardwoods,0.02,POINT,1101,5299.505243,115583.354,27,4,37.97117,-122.5902,6.543649,5,0.405257779,-0.241559318,-0.081703239,0
2013-481,Oak,11.78,COE,618,506.751489,101647.7601,30,3,37.10139,-121.4334,2.320864,2,-1.445303473,-1.11488916,1.015454537,0
2013-505,Douglas Fir Forest,3.97,POINT,961,0,115583.354,22,5,38.01222,-122.8164,0.133102,1,-0.131136787,0.631770524,-1.910299531,0
2013-508,Redwood Forest,0,MARKS,821,2046.061643,11714.09602,27,4,37.03111,-121.8858,1.796341,2,-0.667531353,-0.241559318,-0.081703239,1
2013-514,Oak,2.22,DIABLO,587,298.537907,62344.03179,30,4,37.95564,-121.8888,0.571045,1,-1.564076555,-0.241559318,1.015454537,1
2013-523BU,Oak,12.15,COE,536,0,101647.7601,32,1,37.21328,-121.4536,1.921281,2,-1.759477433,-2.861548844,1.746893054,0
2013-526,Redwood Forest,3.7,MADONNA,878,1751.904291,3677.87386,28,6,37.01073,-121.7002,6.787962,5,-0.449142137,1.505100366,0.28401602,0
2013-556,Montane Hardwoods,8.65,LAKE,1285,554.08795,22174.97547,29,2,38.71605,-123.0581,2.302817,2,1.110233494,-1.988219002,0.649735278,0
2013-565,Oak,1.8,DIABLO,592,628.411499,62344.03179,31,5,37.84698,-121.8567,3.911971,3,-1.544919607,0.631770524,1.381173795,1
2013-567,Oak,5.94,BASIN,1082,1567.65571,31481.22616,28,6,37.19481,-122.193,2.419891,2,0.332461373,1.505100366,0.28401602,1
2013-59,Montane Hardwoods,2.05,ERIE,958,957.2624,1640.850622,31,2,38.36719,-122.4974,1.696396,2,-0.142630956,-1.988219002,1.381173795,0
2013-592,Redwood Forest,6.29,BASIN,1100,1178.665842,31481.22616,27,6,37.1992,-122.1934,2.473828,2,0.401426389,1.505100366,-0.081703239,1
2013-604,Douglas Fir Forest,0.96,MIDPEN,1004,1961.864215,50605.28419,25,6,37.30535,-122.1851,4.843709,3,0.033612973,1.505100366,-0.813141755,0
2013-607,Montane Hardwoods,0.81,PALI,1072,529.946859,2294.419717,28,5,38.14974,-122.5791,5.768827,5,0.294147476,0.631770524,0.28401602,1
2013-61,Redwood Forest,1.59,MARKS,1353,1254.972015,11714.09602,27,6,37.08534,-121.8833,0.344089,1,1.370767997,1.505100366,-0.081703239,1
2013-613(13),Oak,4.56,UVAS,1365,1289.295236,35761.335,28,5,37.16144,-121.8856,4.014798,3,1.416744674,0.631770524,0.28401602,1
2013-628,Montane Hardwoods,2.07,INDIAN,1170,369.653056,1708.371389,27,5,38.09107,-122.6414,4.126592,3,0.669623672,0.631770524,-0.081703239,1
2013-64,Douglas Fir Forest,1.35,MIDPEN,1087,1113.807913,50605.28419,27,6,37.24072,-122.066,3.924724,3,0.351618322,1.505100366,-0.081703239,0
2013-646(13),Montane Hardwoods,10.41,COE,611,27.001013,101647.7601,31,3,37.12329,-121.4676,2.362753,2,-1.472123201,-1.11488916,1.381173795,0
2013-658,Montane Hardwoods,1.08,INGA,1131,1149.162549,5591.517697,28,4,38.08015,-122.5982,3.201294,2,0.520199471,-0.241559318,0.28401602,0
2013-667,Montane Hardwoods,0,INGA,981,3191.822097,5591.517697,28,4,38.04613,-122.5543,2.064306,2,-0.054508992,-0.241559318,0.28401602,0
2013-670,Douglas Fir Forest,3.26,BOTH,1204,229.954993,641.278163,32,3,38.53945,-122.5493,1.842797,2,0.799890924,-1.11488916,1.746893054,1
2013-676,Redwood Forest,6.32,MIDPEN,821,1706.726286,50605.28419,28,3,37.26007,-122.2223,2.938427,2,-0.667531353,-1.11488916,0.28401602,0
2013-70,Douglas Fir Forest,2.25,POINT,1030,0,115583.354,25,5,38.03318,-122.8233,2.790514,2,0.133229106,0.631770524,-0.813141755,1
2013-721(13),Douglas Fir Forest,4.22,AUSTIN,1507,971.413933,6423.240986,27,4,38.56487,-123.0046,1.187428,1,1.960802019,-0.241559318,-0.081703239,0
2013-727,Redwood Forest,6.11,MIDPEN,804,3387.591442,50605.28419,24,4,37.30513,-122.277,5.98348,5,-0.732664979,-0.241559318,-1.178861014,1
2013-727BU,Douglas Fir Forest,6.18,MIDPEN,817,2429.208028,50605.28419,27,4,37.29012,-122.2546,1.565101,1,-0.682856912,-0.241559318,-0.081703239,1
2013-73,Redwood Forest,2.62,POINT,1066,1036.942254,115583.354,25,5,37.98027,-122.7162,1.717526,2,0.271159137,0.631770524,-0.813141755,1
2013-760,Douglas Fir Forest,2.64,POINT,1346,1305.077347,115583.354,26,5,37.94782,-122.6037,5.333199,4,1.343948269,0.631770524,-0.447422497,0
2013-769,Douglas Fir Forest,6.07,AUSTIN,1412,567.097661,6423.240986,29,2,38.56166,-123.0507,2.001316,2,1.596819993,-1.988219002,0.649735278,0
2013-775(13),Montane Hardwoods,0.9,INGA,1131,1084.340285,5591.517697,28,4,38.07788,-122.5958,4.861399,4,0.520199471,-0.241559318,0.28401602,0
2013-778(13),Douglas Fir Forest,2.72,MIDPEN,1100,1332.86996,50605.28419,27,6,37.24806,-122.0895,1.067012,1,0.401426389,1.505100366,-0.081703239,0
2013-790,Montane Hardwoods,0.11,INDIAN,925,3233.173829,1708.371389,29,4,38.11892,-122.6197,5.98348,4,-0.269066818,-0.241559318,0.649735278,0
2013-793,Oak,1.12,MIDPEN,1022,2098.645482,50605.28419,26,6,37.33323,-122.2026,7.729373,5,0.102577988,1.505100366,-0.447422497,0
2013-793BU,Oak,0.96,MIDPEN,958,2069.818756,50605.28419,27,6,37.3368,-122.1997,6.197401,4,-0.142630956,1.505100366,-0.081703239,0
2013-799BU,Douglas Fir Forest,0,MIDPEN,996,1559.351217,50605.28419,26,6,37.31689,-122.1709,7.199668,5,0.002961854,1.505100366,-0.447422497,1
2013-805,Redwood Forest,0,LONDON,1179,1034.945765,3766.165,31,4,38.35375,-122.5528,2.37561,2,0.70410618,-0.241559318,1.381173795,1
2013-823,Redwood Forest,0,MARKS,845,2292.890081,11714.09602,27,4,37.03128,-121.8824,1.764957,2,-0.575577999,-0.241559318,-0.081703239,0
2013-832,Redwood Forest,3.87,UVAS,1336,1506.6334,35761.335,30,5,37.07949,-121.8013,8.268876,6,1.305634371,0.631770524,1.015454537,1
2013-835,Redwood Forest,0.49,EBMUD,726,2928.810691,23325.51452,25,5,37.81841,-122.1721,7.474423,5,-1.031513379,0.631770524,-0.813141755,0
2013-835BU,Redwood Forest,0.63,EBMUD,712,2439.478436,23325.51452,25,5,37.81617,-122.1685,7.120084,5,-1.085152836,0.631770524,-0.813141755,1
2013-865(13),Redwood Forest,2.37,MARKS,1219,2712.06593,11714.09602,28,6,37.09037,-121.8895,0.012101,1,0.85736177,1.505100366,0.28401602,0
2013-892,Oak,0.58,UVAS,731,3646.427056,35761.335,29,4,37.20654,-121.8828,3.431037,3,-1.012356431,-0.241559318,0.649735278,0
2013-91,Oak,2.57,DIABLO,605,1101.134487,62344.03179,30,3,37.91533,-121.8845,2.145834,2,-1.49511154,-1.11488916,1.015454537,0
2013-910,Redwood Forest,7.18,MIDPEN,803,2003.253571,50605.28419,27,4,37.28087,-122.2573,2.3033,2,-0.736496368,-0.241559318,-0.081703239,0
2013-913(13),Redwood Forest,3.31,WATERSHED,1041,2014.679867,37409.02637,23,6,37.43168,-122.3402,5.116779,4,0.175374393,1.505100366,-1.544580272,0
2013-925,Redwood Forest,5.75,BASIN,1122,2437.928274,31481.22616,27,6,37.1618,-122.2104,4.214489,3,0.485716964,1.505100366,-0.081703239,0
2013-925BU,Redwood Forest,6.24,BASIN,1054,2360.131078,31481.22616,27,6,37.16415,-122.2154,4.475047,4,0.22518246,1.505100366,-0.081703239,0
2013-934,Oak,14.58,COE,582,395.760893,101647.7601,32,4,37.11346,-121.4046,1.77933,2,-1.583233504,-0.241559318,1.746893054,0
2013-94,Oak,4.85,MIDPEN,1225,1430.955891,50605.28419,25,6,37.2428,-122.1131,2.966615,2,0.880350108,1.505100366,-0.813141755,0
2013-955,Oak,6.82,MOORE,832,517.363589,3403.989657,31,2,38.48727,-122.361,2.639534,2,-0.625386065,-1.988219002,1.381173795,0
2013-958,Douglas Fir Forest,3.88,COAST,1236,1011.957136,10429.14622,26,3,38.42719,-123.0465,1.267352,1,0.922495396,-1.11488916,-0.447422497,0
2013-967,Redwood Forest,1.23,MARKS,874,1335.133287,11714.09602,27,5,37.03055,-121.9148,2.087566,2,-0.464467696,0.631770524,-0.081703239,0
2013-979,Montane Hardwoods,4.51,LOAF,1238,410.32798,6865.737018,29,3,38.45153,-122.507,1.580654,1,0.930158175,-1.11488916,0.649735278,1
2013-985,Montane Hardwoods,6.17,MOORE,916,244.159147,3403.989657,32,3,38.52168,-122.3683,2.855031,2,-0.303549326,-1.11488916,1.746893054,1
2013-997,Oak,1.6,WATERSHED,855,1941.84852,37409.02637,22,5,37.54212,-122.3894,0.045281,1,-0.537264101,0.631770524,-1.910299531,1
2013-AL1,Oak,6.76,LONE,628,1090.405795,50792.41238,27,5,37.57389,-121.7405,2.362753,2,-1.406989575,0.631770524,-0.081703239,1
2013-AL2,Oak,7.74,LONE,618,876.443194,50792.41238,27,4,37.56742,-121.7311,2.362753,2,-1.445303473,-0.241559318,-0.081703239,0
2013-BF2,Douglas Fir Forest,25,BUCKEYE,1451,518.863048,19652,27,4,38.73695,-123.3169,3.774608,3,1.746244193,-0.241559318,-0.081703239,1
2013-BF4,Oak,22.8,BUCKEYE,1534,603.811512,19652,29,4,38.74718,-123.2933,4.480534,3,2.064249543,-0.241559318,0.649735278,0
2013-BF5,Douglas Fir Forest,22.25,BUCKEYE,1567,1003.455073,19652,28,5,38.72358,-123.2784,4.621102,3,2.190685405,0.631770524,0.28401602,0
2013-BF6,Douglas Fir Forest,22.98,BUCKEYE,1434,872.774367,19652,28,4,38.70944,-123.2806,3.843544,3,1.681110567,-0.241559318,0.28401602,0
2013-BuckE1,Redwood Forest,30.72,BUCKEYE,1238,1103.24491,19652,27,3,38.77039,-123.3886,3.882865,3,0.930158175,-1.11488916,-0.081703239,0
2013-BuckE2,Redwood Forest,29.09,BUCKEYE,1310,184.267407,19652,27,3,38.77399,-123.3701,4.891508,4,1.206018238,-1.11488916,-0.081703239,0
2013-CDL01,Oak,14.87,COE,585,649.676695,101647.7601,31,4,37.05413,-121.3788,2.362753,2,-1.571739335,-0.241559318,1.381173795,0
2013-CDL02,Oak,14.4,COE,582,772.543598,101647.7601,30,4,37.04879,-121.3813,2.362753,2,-1.583233504,-0.241559318,1.015454537,0
2013-JR1,Oak,0.23,JASPER,822,3297.790723,1056.808977,29,3,37.3992,-122.2356,3.851568,3,-0.663699963,-1.11488916,0.649735278,1
2013-Old91,Douglas Fir Forest,3.22,PEPPERWOOD,1035,1231.261108,3555.023878,33,3,38.59064,-122.6399,1.508102,1,0.152386055,-1.11488916,2.112612312,1
2013-SRW1,Oak,2.06,LONE,573,258.803824,50792.41238,27,4,37.54747,-121.8326,1.864384,2,-1.617716012,-0.241559318,-0.081703239,1
2013-SRW2,Oak,1.8,LONE,547,375.388208,50792.41238,27,4,37.54768,-121.8362,2.187124,2,-1.717332146,-0.241559318,-0.081703239,1
2013-SRW3,Oak,2.79,LONE,582,646.840375,50792.41238,26,4,37.53109,-121.8175,0.469909,1,-1.583233504,-0.241559318,-0.447422497,1
2013-WILD1,Oak,1.67,WILDER,928,1393.641135,6972.246394,24,4,36.97978,-122.0897,4.313507,3,-0.257572649,-0.241559318,-1.178861014,0
2013-WILD2,Oak,1.59,WILDER,1048,1291.70903,6972.246394,25,5,36.99551,-122.0878,2.230469,2,0.202194122,0.631770524,-0.813141755,1
2014-1000,Douglas Fir Forest,3.19,WATERSHED,1075,0,37409.02637,21,4,37.54592649,-122.4304208,0.655071,1,0.305641645,-0.241559318,-2.276018789,0
2014-1006,Oak,12.26,LONE,646,1301.162244,50792.41238,26,3,37.53313,-121.7026,1.041547,1,-1.33802456,-1.11488916,-0.447422497,1
2014-1012,Douglas Fir Forest,4.8,POINT,1080,263.871785,115583.354,24,5,37.98392,-122.75819,2.324763,2,0.324798594,0.631770524,-1.178861014,0
2014-1015,Redwood Forest,5.91,MIDPEN,845,1851.328751,50605.28419,24,4,37.25331601,-122.2055084,2.357072,2,-0.575577999,-0.241559318,-1.178861014,1
2014-1069,Redwood Forest,5.42,WATERSHED,840,684.897344,37409.02637,20,5,37.414277,-122.362748,6.404633,4,-0.594734947,0.631770524,-2.641738048,0
2014-1099,Montane Hardwoods,6.15,DUFF,1293,725.899137,9497.890628,30,4,38.65275,-122.5948,1.616687,2,1.140884612,-0.241559318,1.015454537,1
2014-11,Montane Hardwoods,11.25,CAMAS,1184,864.82372,17369.545,27,4,38.73126,-122.7647,2.063687,2,0.723263128,-0.241559318,-0.081703239,0
2014-1129,Oak,3.43,GRANT,634,645.025136,16349.3938,28,5,37.3203,-121.6882,2.680362,2,-1.384001237,0.631770524,0.28401602,0
2014-1222,Redwood Forest,15.85,BASIN,847,966.934198,31481.22616,26,4,37.20733,-122.3106,1.371917,1,-0.567915219,-0.241559318,-0.447422497,0
2014-1264,Douglas Fir Forest,0.51,ANNADEL,1107,1914.797125,5419.716,28,5,38.44189,-122.62292,5.268549,4,0.428246117,0.631770524,0.28401602,0
2014-1276,Montane Hardwoods,0.88,LINDAFALLS,1023,1437.163978,144.959127,30,3,38.55256,-122.44032,1.942831,2,0.106409378,-1.11488916,1.015454537,0
2014-1282,Douglas Fir Forest,2.87,WATERSHED,1059,0,37409.02637,20,5,37.53922,-122.4141,0.40175,1,0.244339409,0.631770524,-2.641738048,0
2014-1312,Oak,5.52,MIDPEN,1158,2512.02087,50605.28419,26,6,37.23905,-122.1243,3.659186,3,0.623646995,1.505100366,-0.447422497,1
2014-1315,Redwood Forest,5.15,COAST,1334,549.034065,10429.14622,21,4,38.42593,-123.06711,1.731408,2,1.297971592,-0.241559318,-2.276018789,1
2014-1318,Redwood Forest,0.6587,MADERA,1083,2134.902449,3620.1984,28,5,37.40778,-122.2698,2.298198,2,0.336292763,0.631770524,0.28401602,1
2014-1321,Redwood Forest,3.02,MADONNA,860,1729.646034,3677.87386,28,5,37.00229,-121.69313,3.299276,3,-0.518107152,0.631770524,0.28401602,1
2014-1384,Montane Hardwoods,0,SHILOH,920,3139.644632,694.519996,28,2,38.52157,-122.7541,3.943974,3,-0.288223767,-1.988219002,0.28401602,0
2014-1396,Douglas Fir Forest,4.12,POINT,901,770.570769,115583.354,21,5,37.9506,-122.71855,1.825467,2,-0.361020172,0.631770524,-2.276018789,1
2014-1426,Douglas Fir Forest,2.4,WATERSHED,876,2404.018468,37409.02637,22,5,37.55507,-122.3976,0.300672,1,-0.456804916,0.631770524,-1.910299531,0
2014-1453,Montane Hardwoods,1.64,POINT,1205,2068.749914,115583.354,27,4,37.96233,-122.6161,3.877975,3,0.803722313,-0.241559318,-0.081703239,1
2014-1471,Redwood Forest,1.32,WELL,1117,3106.118262,2600.534878,26,4,37.02146,-122.0555,3.453053,3,0.466560015,-0.241559318,-0.447422497,1
2014-1480,Douglas Fir Forest,0.001,FRENCH,992,1636.90136,677.576081,26,4,38.03127,-122.68279,2.007711,2,-0.012363705,-0.241559318,-0.447422497,1
2014-15,Oak,8.68,JENNER,1969,415.945377,6671.815539,27,5,38.51041,-123.1149,0.249309,1,3.730904086,0.631770524,-0.081703239,1
2014-1510,Redwood Forest,9.66,MIDPEN,964,992.092036,50605.28419,28,6,37.24357,-122.2474,0.236489,1,-0.119642618,1.505100366,0.28401602,0
2014-1513,Oak,0,DIABLO,520,998.829014,62344.03179,29,3,37.87443,-121.976,3.931264,3,-1.820779669,-1.11488916,0.649735278,0
2014-1549,Douglas Fir Forest,0.003,FRENCH,998,1768.374346,661.979742,26,4,38.03115,-122.6857,2.230697,2,0.010624634,-0.241559318,-0.447422497,0
2014-1552,Redwood Forest,15.17,BASIN,802,1624.471,31481.22616,26,3,37.16882,-122.317,0.782029,1,-0.740327758,-1.11488916,-0.447422497,1
2014-229,Redwood Forest,1.5,COAST,1425,1130.202977,10429.14622,26,4,38.44433,-123.02949,1.410812,1,1.64662806,-0.241559318,-0.447422497,0
2014-238BU,Douglas Fir Forest,1.98,POINT,1031,1603.936913,115583.354,26,5,37.93631,-122.6666,1.379843,1,0.137060496,0.631770524,-0.447422497,1
2014-256,Oak,0.91,ANNADEL,1140,859.704909,5419.716,30,4,38.41642896,-122.602232,5.847596,4,0.554681979,-0.241559318,1.015454537,0
2014-268,Redwood Forest,0.89,WATERSHED,939,1243.647833,37409.02637,28,5,37.44641,-122.2989,3.102974,2,-0.215427362,0.631770524,0.28401602,1
2014-28,Oak,2.44,COE,605,725.107071,101647.7601,28,3,37.12216,-121.5595,3.011066,2,-1.49511154,-1.11488916,0.28401602,1
2014-310,Redwood Forest,2.48,MADERA,1019,1026.880808,3620.1984,25,6,37.3996,-122.3153,9.136518,6,0.091083819,1.505100366,-0.813141755,1
2014-328,Oak,0.74,WILDCAT,744,3454.635048,25999.86595,24,5,37.87182,-122.20819,1.108484,1,-0.962548364,0.631770524,-1.178861014,1
2014-355,Montane Hardwoods,2.04,POINT,845,265.388269,115583.354,20,4,38.1281,-122.89339,4.104741,3,-0.575577999,-0.241559318,-2.641738048,0
2014-37,Montane Hardwoods,7.02,LAKE,1205,392.933228,22174.97547,30,3,38.71664,-123.0423,4.58203,3,0.803722313,-1.11488916,1.015454537,0
2014-379,Redwood Forest,5.23,BASIN,1083,2593.000894,31481.22616,27,6,37.18487,-122.1921,2.173101,2,0.336292763,1.505100366,-0.081703239,0
2014-448,Oak,0,CHINA,776,2670.617547,17124.9288,24,4,38.00093,-122.47221,4.175307,3,-0.839943892,-0.241559318,-1.178861014,1
2014-505,Douglas Fir Forest,3.97,POINT,961,0,115583.354,22,5,38.01222,-122.8164,0.133102,1,-0.131136787,0.631770524,-1.910299531,0
2014-508,Redwood Forest,0,MARKS,821,2046.061643,11714.09602,27,4,37.03111,-121.8858,1.796341,2,-0.667531353,-0.241559318,-0.081703239,1
2014-511,Redwood Forest,0,MIDPEN,974,907.421969,50605.28419,26,6,37.30015,-122.1455,3.205543,2,-0.08132872,1.505100366,-0.447422497,0
2014-517,Montane Hardwoods,1.13,SHILOH,978,1480.693341,694.519996,28,3,38.52825,-122.74978,3.131686,2,-0.066003161,-1.11488916,0.28401602,0
2014-526,Redwood Forest,3.7,MADONNA,878,1751.904291,101647.7601,28,6,37.01073,-121.7002,6.787962,5,-0.449142137,1.505100366,0.28401602,0
2014-526(14),Oak,0,WILDCAT,624,5526.831314,25999.86595,26,4,37.93336,-122.29292,0.163079,1,-1.422315135,-0.241559318,-0.447422497,0
2014-541,Redwood Forest,1.27,WELL,1121,3408.865221,2600.534878,26,4,37.02554,-122.0496,4.848828,3,0.481885574,-0.241559318,-0.447422497,1
2014-544,Oak,1.03,JASPER,693,2552.169037,1056.801,28,4,37.40828021,-122.2193394,2.243833,2,-1.157949241,-0.241559318,0.28401602,1
2014-550,Oak,16.13,AUSTIN,1424,57.051728,6423.240986,30,2,38.58666,-123.0647,0.655071,1,1.64279667,-1.988219002,1.015454537,1
2014-568,Redwood Forest,11.7,BASIN,946,201.464275,31481.22616,25,6,37.12919712,-122.2742055,1.293106,1,-0.188607633,1.505100366,-0.813141755,0
2014-613(14),Montane Hardwoods,0,INGA,958,4222.020303,5591.517697,28,4,38.0576,-122.55384,2.405353,2,-0.142630956,-0.241559318,0.28401602,0
2014-64,Douglas Fir Forest,1.35,MIDPEN,1087,1113.807913,50605.28419,27,6,37.24072,-122.066,3.924724,3,0.351618322,1.505100366,-0.081703239,1
2014-646,Montane Hardwoods,0.67,PALI,934,569.945622,2294.419717,27,5,38.15036,-122.57395,5.275355,4,-0.23458431,0.631770524,-0.081703239,1
2014-649,Montane Hardwoods,5.44,PEPPERWOOD,1037,179.131743,3555.023878,30,3,38.57482,-122.7162,1.873053,2,0.160048834,-1.11488916,1.015454537,1
2014-655,Oak,5.4,LOAF,1194,436.934315,6865.737018,30,3,38.44333,-122.5126,1.772611,2,0.761577026,-1.11488916,1.015454537,0
2014-655(12),Montane Hardwoods,0.642,PALI,934,569.945622,2294.42,27,4,38.14982,-122.57521,5.549781,4,-0.23458431,-0.241559318,-0.081703239,0
2014-685,Douglas Fir Forest,3.66,BOTH,1157,308.182066,641.278163,32,3,38.53862,-122.53777,2.172266,2,0.619815605,-1.11488916,1.746893054,0
2014-703,Redwood Forest,1.78,MARKS,1272,713.622695,11714.09602,27,6,37.07354187,-121.8920287,2.104209,2,1.060425427,1.505100366,-0.081703239,0
2014-718,Redwood Forest,1.06,LONDON,1146,767.665211,3766.165,31,3,38.33541,-122.54442,2.216249,2,0.577670318,-1.11488916,1.381173795,0
2014-73,Redwood Forest,2.62,POINT,1066,1036.942254,115583.354,25,5,37.98027,-122.7162,1.717526,2,0.271159137,0.631770524,-0.813141755,0
2014-772,Redwood Forest,3,WILDER,1237,2571.029885,6972.246394,26,5,37.02307,-122.0947,2.941888,2,0.926326786,0.631770524,-0.447422497,1
2014-775,Douglas Fir Forest,2.11,WATERSHED,841,731.47428,37409.02637,23,5,37.52551002,-122.3836154,1.033231,1,-0.590903558,0.631770524,-1.544580272,0
2014-778(13),Douglas Fir Forest,2.72,MIDPEN,1100,1332.86996,50605.28419,27,6,37.24806,-122.0895,1.067012,1,0.401426389,1.505100366,-0.081703239,0
2014-787,Redwood Forest,9.83,BASIN,981,157.729225,31481.22616,27,6,37.16308272,-122.2564256,3.181177,2,-0.054508992,1.505100366,-0.081703239,0
2014-796,Montane Hardwoods,1.26,ANNADEL,1152,500.968213,5419.716,30,4,38.41758,-122.61422,6.467406,5,0.600658656,-0.241559318,1.015454537,0
2014-832,Redwood Forest,3.87,UVAS,1336,1506.6334,35761.335,30,5,37.07949,-121.8013,8.268876,6,1.305634371,0.631770524,1.015454537,0
2014-847,Redwood Forest,3.14,BOTH,1057,508.362873,641.278163,33,3,38.54415,-122.53258,3.457217,3,0.23667663,-1.11488916,2.112612312,0
2014-865,Oak,6.15,COE,659,244.974509,101647.7601,29,4,37.224,-121.5286,2.235109,2,-1.288216493,-0.241559318,0.649735278,0
2014-877,Montane Hardwoods,0.93,LONDON,1437,594.764343,3766.165,30,2,38.34646,-122.57314,2.419454,2,1.692604737,-1.988219002,1.015454537,0
2014-889,Oak,4.18,GRANT,642,879.800767,16349.3938,27,5,37.34265,-121.716,5.984568,4,-1.353350119,0.631770524,-0.081703239,0
2014-889(12),Redwood Forest,1.16,MARKS,881,1573.213614,11714.09602,27,5,37.027217,-121.91441,1.481187,1,-0.437647967,0.631770524,-0.081703239,0
2014-913,Douglas Fir Forest,4.33,AUSTIN,1490,885.112654,6423.240986,28,3,38.56121,-123.0234,1.83069,2,1.895668394,-1.11488916,0.28401602,0
2014-931,Oak,0.9,UVAS,783,1740.741103,35761.335,29,4,37.17793,-121.8278,4.190014,3,-0.813124163,-0.241559318,0.649735278,1
2014-934,Oak,14.58,COE,582,395.760893,101647.7601,32,4,37.11346,-121.4046,1.77933,2,-1.583233504,-0.241559318,1.746893054,1
2014-940,Redwood Forest,6.68,MIDPEN,1070,1897.959,50605.28419,27,5,37.22422,-122.1419,2.695203,2,0.286484696,0.631770524,-0.081703239,1
2014-979,Montane Hardwoods,4.51,LOAF,1238,410.32798,6865.737018,29,3,38.45153,-122.507,1.580654,1,0.930158175,-1.11488916,0.649735278,1
2014-979(14),Redwood Forest,1.2,MARKS,1080,1037.046022,11714.09602,28,6,37.05367,-121.9022,1.044008,1,0.324798594,1.505100366,0.28401602,1
2014-982(14),Oak,10.52,COE,611,211.62153,101647.7601,30,2,37.08135,-121.4451,1.173047,1,-1.472123201,-1.988219002,1.015454537,1
2014-BE14,Oak,28.5,BUCKEYE,1194,1119.682365,19652,25,3,38.7425,-123.35879,4.907161,4,0.761577026,-1.11488916,-0.813141755,0
2014-BOUV1,Montane Hardwoods,1.97,ERIE,880,1207.70131,1640.850622,31,2,38.36801,-122.50033,0.001391,1,-0.441479357,-1.988219002,1.381173795,1
2014-BUCK1,Douglas Fir Forest,23,BUCKEYE,1434,869.927955,19652,28,4,38.70872,-123.28018,4.054739,3,1.681110567,-0.241559318,0.28401602,0
2014-CAN3,Montane Hardwoods,15.83,COE,582,694.806857,101647.7601,30,4,37.04882934,-121.3784929,1.690424,2,-1.583233504,-0.241559318,1.015454537,1
2014-CDLO4,Oak,12.96,COE,587,1225.882606,101647.7601,29,5,37.0377,-121.3943,2.362753,2,-1.564076555,0.631770524,0.649735278,0
2014-Jen1,Douglas Fir Forest,8.59,JENNER,1438,114.394048,6671.815539,25,4,38.47812,-123.12885,1.636171,2,1.696436126,-0.241559318,-0.813141755,1
2014-JR2,Oak,0.89,JASPER,675,2098.979967,1056.808977,28,3,37.41115,-122.23035,5.008144,4,-1.226914257,-1.11488916,0.28401602,0
2014-SRW1,Oak,2.06,LONE,573,258.803824,50792.41238,27,4,37.54747,-121.8326,1.864384,2,-1.617716012,-0.241559318,-0.081703239,0
2014-STERN1,Douglas Fir Forest,5,LOAF,1135,647.871932,6865.737018,30,4,38.45112,-122.51749,0.120214,1,0.53552503,-0.241559318,1.015454537,0
2014-UM1,Oak,5.03,UVAS,1432,1494.663184,35761.335,28,4,37.15829,-121.8894,3.695196,3,1.673447788,-0.241559318,0.28401602,0
2014-USC1,Oak,1.75,MIDPEN,1042,1361.058648,50605.28419,26,6,37.27126,-122.13924,4.399,3,0.179205783,1.505100366,-0.447422497,0
2014-WD1,Montane Hardwoods,1.94,DUFF,1127,154.744437,9497.890628,29,3,38.61619,-122.49354,1.385555,1,0.504873912,-1.11488916,0.649735278,0
2014-WD2,Montane Hardwoods,3.2,DUFF,1174,99.005462,9497.890628,29,4,38.61885,-122.50928,1.156289,1,0.684949231,-0.241559318,0.649735278,0
