Site,S1V1,S1V2,S1V3,S2V1,S2V2,S2V3,S3V1,S3V2,S3V3,S4V1,S4V2,S4V3,S5V1,S5V2,S5V3,S6V1,S6V2,S6V3,S7V1,S7V2,S7V3,S8V1,S8V2,S8V3,S9V1,S9V2,S9V3,S10V1,S10V2,S10V3,S11V1,S11V2,S11V3,S12V1,S12V2,S12V3,S13V1,S13V2,S13V3,Lat,MeanLHeight,SaltMarsh,Shrub
1,0,0,0,0,0,0,1,1,0,1,1,0,1,0,1,0,0,1,1,1,0,1,1,1,0,1,1,0,1,1,1,1,0,0,1,1,0,1,1,4.010881539,-0.063593859,0,1
2,0,1,0,1,1,1,1,0,0,1,1,1,0,0,1,1,1,0,1,0,0,1,1,0,1,1,0,1,1,1,0,0,0,1,0,1,1,1,1,3.965581521,-0.057510525,0,1
3,0,0,0,0,0,0,0,0,0,0,0,0,0,0,0,0,0,0,0,0,0,0,0,0,0,0,0,0,0,0,0,0,0,0,0,0,0,0,0,-3.271516715,0.114072808,0,1
4,1,0,0,0,1,1,0,0,1,0,1,1,1,1,0,0,1,1,0,0,0,1,0,1,1,1,1,1,0,0,0,1,1,0,0,0,0,0,0,-3.248516741,0.020850586,1,0
5,1,0,0,0,0,1,0,0,1,0,0,0,0,0,0,0,0,0,0,0,0,0,0,0,0,0,0,0,0,0,0,0,0,0,0,0,0,0,0,-3.201316772,0.044739475,1,0
6,1,0,1,0,0,0,0,0,0,0,0,0,0,0,0,0,0,0,0,0,0,0,0,0,0,0,0,0,0,0,0,0,0,0,0,0,0,0,0,-3.121216831,0.096128363,1,0
7,0,0,0,0,0,0,0,0,0,0,0,0,0,0,0,0,0,0,0,0,0,0,0,0,0,0,0,0,0,0,0,0,0,0,0,0,0,0,0,-3.158316792,-0.008816081,1,0
8,0,0,0,0,0,0,0,0,0,0,0,0,0,1,0,0,0,0,1,0,0,1,0,0,0,0,0,0,0,0,0,1,1,1,0,0,0,0,0,3.425781673,-0.037010525,0,0
9,1,1,1,0,1,0,1,0,0,0,0,0,1,0,0,0,0,1,1,1,1,1,0,1,1,1,0,1,1,0,0,0,1,1,1,1,0,0,1,3.674481604,0.090183919,0,1
10,0,0,0,0,1,0,0,0,0,0,1,0,0,0,0,0,1,1,1,0,1,0,0,0,1,0,0,1,0,1,0,0,0,0,1,0,0,0,0,3.79988153,-0.000487798,0,0
11,0,0,0,1,0,0,0,1,0,1,1,0,0,1,0,1,0,1,1,1,1,0,0,0,0,0,0,0,0,0,0,0,1,1,1,0,0,1,1,3.869881575,0.12129503,1,0
12,0,1,0,0,0,0,1,1,1,1,1,0,1,0,0,1,1,1,1,0,0,1,0,0,0,0,1,1,1,1,0,1,1,0,1,1,0,1,0,3.360081712,-0.054093859,1,0
13,0,0,1,1,1,0,0,0,0,0,0,1,0,1,0,1,0,0,0,0,1,1,0,0,0,1,0,1,1,0,0,0,1,1,0,0,0,1,1,3.409481644,0.081406141,1,0
14,1,1,1,1,1,1,1,1,0,1,0,0,1,0,0,1,0,1,1,0,0,0,0,0,1,1,0,1,0,0,1,0,1,0,1,1,0,0,0,3.457981674,-0.036927192,1,0
15,0,0,0,0,0,0,0,0,1,1,1,1,1,1,1,1,0,1,1,1,0,0,1,0,0,0,0,0,0,0,1,0,1,1,1,1,0,1,0,3.505881656,-0.034070049,1,0
16,1,0,0,1,1,0,0,1,0,0,1,0,1,1,0,1,1,0,1,0,1,0,1,0,1,0,0,1,1,0,1,1,0,1,0,0,1,0,0,3.553881616,-0.000927192,1,0
17,0,0,0,0,0,0,0,0,0,0,0,0,0,0,0,0,0,0,0,0,0,0,0,0,0,0,0,0,0,0,0,0,0,0,0,0,0,0,0,1.510863434,-0.09554624,0,0
18,0,0,0,0,1,1,1,1,0,0,0,1,1,1,0,0,1,0,0,1,0,0,0,0,0,0,0,1,0,0,0,1,1,0,0,0,0,0,0,1.534468547,0.038830384,1,0
19,0,0,0,0,0,0,1,1,0,0,1,0,1,0,0,0,1,1,0,1,0,1,0,1,0,1,1,1,1,0,0,0,0,1,1,1,0,0,1,1.30271607,-0.058760525,1,0
20,1,0,0,1,0,1,0,0,0,0,0,0,0,0,0,0,0,0,0,0,0,0,0,0,0,0,0,0,0,0,0,0,0,0,0,0,0,0,0,-1.888417052,0.092120427,1,0
21,1,0,1,0,1,0,0,0,1,1,0,1,0,1,0,0,0,0,1,1,0,0,0,0,0,0,1,0,1,0,0,0,1,1,1,0,0,0,1,2.420181892,-0.023058144,1,0
22,1,0,1,0,1,0,0,0,0,1,0,1,0,1,1,0,0,1,1,1,0,0,0,1,1,0,1,1,0,0,0,0,0,0,0,0,1,0,0,2.433981944,-0.116371637,1,0
23,1,1,1,0,0,0,0,1,1,1,1,0,1,1,0,1,0,0,1,0,0,0,1,1,0,1,0,0,0,1,0,0,1,0,1,0,0,1,0,2.425081951,-0.100816081,1,0
24,1,0,0,0,1,0,0,0,0,0,0,0,0,0,1,1,1,0,1,1,1,0,1,1,0,0,1,0,1,0,1,0,0,1,0,0,0,0,0,3.153345834,0.078310903,1,0
25,0,0,0,0,0,0,0,0,0,0,0,0,0,0,0,0,0,0,0,0,0,0,0,0,0,0,0,0,0,0,0,0,0,0,0,0,1,1,0,1.959582022,0.032109845,1,0
26,1,0,1,0,1,0,0,1,1,0,1,1,1,1,1,0,0,1,0,0,0,0,0,0,0,0,0,0,0,0,0,0,0,0,0,0,0,0,0,2.011281944,0.022572808,1,0
27,0,0,0,0,0,0,0,0,0,0,0,0,0,0,0,0,0,0,0,0,0,0,0,0,0,0,0,0,0,0,0,0,0,0,0,0,0,1,0,2.017582041,-0.045260525,1,0
28,0,0,0,1,1,0,1,1,0,0,1,1,1,1,0,0,1,0,1,1,1,1,0,1,0,1,0,0,0,0,1,0,0,1,0,0,0,0,1,5.606881131,0.030572808,1,0
29,1,1,1,0,0,1,0,0,1,0,1,1,1,1,1,1,1,0,0,0,0,1,1,1,1,1,0,0,0,1,0,1,1,1,0,0,1,0,0,5.557981126,0.111406141,1,0
30,0,1,1,0,0,0,1,1,1,0,1,0,1,0,1,0,0,1,0,0,1,0,1,1,0,0,0,0,1,0,1,0,0,0,0,1,0,0,1,5.508181171,0.078461697,1,0
31,0,0,0,1,0,0,0,0,0,0,0,0,1,0,0,1,0,0,0,0,0,0,1,1,0,0,0,0,0,0,1,1,0,1,0,0,0,0,0,2.495595861,0.107945824,0,0
32,0,1,0,0,0,0,0,0,0,0,0,0,0,0,1,0,0,0,0,0,1,0,0,0,0,0,1,0,0,0,0,1,0,1,0,0,0,0,0,2.508681826,0.106683919,0,0
33,1,0,0,0,0,0,0,0,1,0,0,0,0,1,0,0,1,0,0,1,0,1,0,1,0,0,0,0,0,0,0,0,0,0,0,0,0,0,0,2.485201238,0.066882332,0,0
34,0,1,1,1,0,0,0,1,0,0,0,1,1,1,0,1,0,0,0,0,0,1,0,0,1,1,0,0,1,1,0,0,0,0,0,0,0,0,0,2.46915491,0.039739475,1,0
35,0,0,0,1,0,0,1,0,1,1,0,1,1,0,1,1,0,1,0,0,1,0,0,0,1,0,0,0,1,0,1,0,1,0,1,0,0,0,1,5.695981093,0.012128363,1,0
36,1,0,1,0,1,0,0,0,0,0,0,0,0,1,0,0,1,0,0,1,1,1,1,0,1,0,0,0,0,0,1,0,0,0,0,0,0,1,1,6.027981013,0.031683919,0,0
37,0,0,0,1,0,0,0,1,1,0,1,0,1,1,1,1,0,1,1,0,1,1,0,1,0,0,1,1,0,0,0,0,0,1,1,1,1,1,0,5.943081111,0.074072808,0,1
38,0,1,1,0,1,1,1,0,0,0,0,1,0,0,1,0,0,1,1,1,1,0,0,1,0,0,1,0,1,0,1,0,1,0,0,1,0,1,1,5.961781111,0.056723602,0,1
39,0,1,1,1,1,0,0,1,1,1,0,1,1,1,0,0,0,1,1,0,1,0,0,0,0,0,0,1,1,1,0,1,0,0,1,1,1,0,1,5.992381024,-0.0048637,0,1
40,1,1,0,0,0,1,0,0,0,0,0,0,0,0,0,1,0,1,1,0,1,0,1,1,0,1,0,1,0,0,0,0,1,0,0,1,0,1,0,5.924981024,0.178628363,1,0
41,1,0,0,0,0,1,0,0,0,0,1,0,0,0,0,0,0,0,0,0,0,0,0,0,0,1,0,1,0,0,0,0,0,1,0,1,0,0,0,5.993781095,0.050572808,0,0
42,0,0,0,0,0,0,0,0,0,0,0,0,0,0,0,0,0,0,0,0,0,0,0,0,0,0,0,0,0,0,0,0,0,0,0,0,0,0,0,-5.421016296,-0.030677192,0,0
43,0,0,0,0,0,0,0,0,0,0,0,0,0,0,0,0,0,0,0,0,0,0,0,0,0,0,0,0,0,0,0,0,0,0,0,0,0,0,0,-5.506217285,-0.017371637,1,0
44,0,0,0,0,0,0,0,0,0,0,0,0,0,0,0,0,0,0,0,0,0,0,0,0,1,0,0,1,1,0,1,0,0,0,0,0,0,0,0,-5.383140586,0.004156141,1,0
45,1,1,0,0,0,0,0,0,0,0,0,0,0,0,0,0,0,0,0,0,0,0,0,0,0,0,0,0,0,0,0,0,0,0,0,0,0,0,0,-5.271716315,0.027072808,1,0
46,0,0,0,0,0,0,0,0,0,0,0,0,0,0,0,0,0,0,0,0,0,0,0,0,0,0,0,0,0,0,0,0,0,0,0,0,0,0,0,-5.187416317,0.012406141,1,0
47,0,0,0,0,0,0,0,0,0,0,0,0,0,0,0,0,0,0,0,0,0,0,0,0,0,0,0,0,0,0,0,0,0,0,0,0,0,0,0,-5.072707919,0.003707729,1,0
48,0,0,0,0,1,0,0,0,0,0,0,0,0,0,0,0,0,0,0,0,1,0,0,1,0,0,0,1,0,0,0,0,1,0,0,0,0,0,0,3.06258179,-0.040502691,0,0
49,0,0,0,0,0,0,0,0,0,1,1,0,0,1,0,1,1,1,1,1,0,1,1,1,0,0,0,0,0,0,1,1,0,1,0,1,0,1,1,3.047881756,-0.044010525,0,1
50,0,1,0,0,0,0,0,0,0,1,1,0,0,0,0,0,0,0,0,1,0,1,0,0,0,0,0,0,0,1,1,1,0,0,0,0,0,0,0,2.997671219,-0.02720497,0,0
51,0,0,1,1,1,1,0,0,0,1,1,1,1,1,1,1,0,1,0,0,1,1,0,1,0,1,1,1,1,1,1,1,0,0,0,0,1,1,1,2.927181788,-0.015593859,1,0
52,0,1,1,1,0,0,0,1,1,0,0,0,0,0,0,0,1,1,0,0,1,1,0,0,1,0,1,1,0,0,1,1,1,1,1,1,0,0,0,2.992781784,-0.050260525,1,0
53,0,0,1,1,0,0,0,0,1,0,0,1,0,0,1,1,1,0,0,0,1,1,1,0,1,0,0,1,0,0,0,0,1,0,0,1,0,1,0,3.113181721,-0.03438751,1,0
54,0,1,1,0,1,0,1,0,1,0,1,1,0,1,0,0,1,1,0,0,1,1,1,1,1,0,0,0,0,0,1,1,1,0,0,1,1,0,0,2.96668178,0.052596617,1,0
55,0,0,0,0,0,0,0,0,0,0,0,0,0,0,0,0,0,0,0,0,0,0,0,0,0,0,0,0,0,0,0,0,0,0,0,0,0,0,0,-4.948777659,-0.011593859,0,1
56,1,1,0,1,1,0,0,0,0,0,0,0,0,0,0,0,0,0,0,0,0,0,0,0,0,0,0,0,0,0,0,0,0,0,0,0,0,0,0,-4.937229845,0.083072808,1,0
57,0,0,0,0,0,0,0,0,0,0,0,0,0,0,0,0,0,0,0,0,0,0,0,0,0,0,0,0,0,0,0,0,0,0,0,0,0,0,0,-5.205191339,0.163906141,1,0
58,0,0,0,0,0,0,0,0,0,0,0,0,0,0,0,0,0,0,0,0,0,0,0,0,0,0,0,0,0,0,0,0,0,0,0,0,0,0,0,-5.270717773,-0.076093859,1,0
59,1,0,0,1,0,0,0,1,0,0,0,0,0,0,0,0,0,0,0,0,0,0,0,0,0,0,0,0,0,0,0,0,0,0,0,0,0,0,0,-2.570716976,-0.029149414,1,0
60,0,0,1,0,1,1,1,0,1,0,0,1,0,0,1,1,0,1,0,0,0,1,0,1,1,1,1,1,1,1,0,1,0,0,0,0,0,0,0,-0.958028102,0.124628363,0,1
61,0,0,1,0,1,1,1,1,0,0,1,1,0,0,1,1,1,0,1,1,1,1,1,1,0,0,1,1,0,0,1,1,1,0,0,0,0,1,0,-0.844417342,0.01545376,0,1
62,0,1,1,1,0,1,1,0,1,1,1,1,1,0,0,1,0,0,0,0,0,0,1,1,0,0,0,0,0,0,0,0,0,0,0,0,0,0,0,-0.750517307,-0.040011608,0,1
63,0,1,1,1,1,0,1,1,0,1,0,0,1,1,1,1,0,0,0,0,0,1,1,0,1,0,1,0,1,1,0,0,1,1,0,0,1,1,0,-0.682017401,-0.025001266,0,1
64,0,0,0,0,0,0,0,0,0,0,0,0,0,0,0,0,0,0,0,0,0,0,0,0,0,0,0,0,0,0,0,0,0,0,0,0,0,0,0,-0.547717434,0.034517252,0,1
65,0,0,0,0,0,0,0,0,0,0,0,0,0,0,0,0,1,0,0,0,0,0,0,0,0,0,0,0,0,0,0,0,0,0,0,0,0,0,0,-0.481717448,0.008906141,0,1
66,1,1,0,0,0,0,1,0,0,0,0,0,1,1,1,0,0,0,1,1,1,1,0,0,0,0,0,1,1,1,0,1,1,1,0,0,1,1,1,-0.390808547,-0.058177192,0,1
67,0,0,0,0,0,0,0,1,0,1,1,1,0,0,0,0,0,0,0,0,0,0,0,0,0,0,0,0,0,0,0,0,0,0,0,0,0,0,0,-1.598817145,-0.022001266,0,1
68,0,0,1,0,1,1,1,1,0,0,0,1,1,1,0,1,0,1,0,0,0,0,0,0,0,0,0,0,0,0,0,0,0,0,0,0,0,0,0,-1.675317126,-0.025843859,0,1
69,0,0,0,0,0,0,0,0,0,0,0,0,0,0,0,0,0,0,0,0,0,0,0,0,0,0,0,0,0,0,0,0,0,0,0,0,0,0,0,-1.767117135,-0.033593859,0,1
70,0,0,0,0,0,0,0,0,0,0,0,0,0,0,0,0,0,0,0,0,0,0,0,0,0,0,0,0,0,0,0,0,0,0,0,0,0,0,0,-1.522113138,-0.063593859,1,0
71,0,0,0,0,0,0,0,0,0,0,0,0,0,0,0,0,0,0,0,0,0,0,0,0,0,0,0,0,0,0,0,0,0,0,0,0,0,0,0,-1.880817059,-0.013686451,0,1
72,0,0,0,0,0,0,0,0,0,0,0,0,0,0,0,0,0,0,0,0,0,0,0,0,0,0,0,0,0,0,0,0,0,0,0,0,0,0,0,-1.512717156,-0.049427192,0,1
73,1,1,0,1,0,1,1,1,0,0,0,0,0,0,0,0,0,0,0,0,0,0,0,0,0,0,0,0,0,0,0,0,0,0,0,0,0,1,0,-1.459817153,0.02045376,0,1
74,0,0,0,0,0,0,0,0,0,0,0,0,0,0,0,0,0,0,0,0,0,0,0,0,0,0,0,0,0,0,0,0,0,0,0,0,0,0,0,-1.391717179,0.016465665,0,1
75,0,0,0,0,0,0,0,0,0,0,0,0,0,0,0,0,0,0,0,0,0,0,0,0,0,0,0,0,0,0,0,0,0,0,0,0,0,0,0,-1.32721723,0.009739475,0,1
76,0,0,0,0,0,0,0,0,0,0,0,0,0,0,0,0,0,0,0,0,0,0,0,0,0,0,0,0,0,0,0,0,0,0,0,0,0,0,0,-1.255519963,-0.040974811,0,1
77,0,0,0,0,0,0,0,0,0,0,0,0,0,0,0,0,0,0,0,0,0,0,0,0,0,0,0,0,0,0,0,0,0,0,0,0,0,0,0,-1.154880674,0.047596617,0,1
78,1,1,1,0,0,0,0,0,0,0,0,0,0,0,0,0,0,0,0,0,0,0,0,0,0,0,0,0,0,0,0,0,0,0,0,0,0,0,0,-1.019667569,-0.011482748,0,1
79,0,0,0,0,0,0,0,0,0,0,0,0,0,0,0,0,0,0,0,0,0,0,0,0,0,0,0,0,0,0,0,0,0,0,0,0,0,0,0,-1.488917129,-0.069288303,0,1
80,0,0,0,0,0,0,0,0,0,0,0,0,0,0,0,0,0,0,0,0,0,0,0,0,0,0,0,0,0,0,0,0,0,0,0,0,0,0,0,-1.503917148,-0.072677192,1,0
81,1,0,1,1,0,0,0,0,0,0,0,0,0,0,0,0,0,0,0,0,0,0,0,0,0,0,0,0,0,0,0,0,0,0,0,0,0,0,0,-1.456417155,-0.07432979,1,0
82,0,1,0,0,0,0,0,0,0,0,0,0,0,0,0,0,0,0,0,0,0,0,0,0,0,0,0,0,0,0,0,0,0,0,0,0,0,0,0,-1.323017251,-0.064112377,0,1
83,0,0,0,0,0,0,0,0,0,0,0,0,0,0,0,0,0,0,0,0,0,0,0,0,0,0,0,0,0,0,0,0,0,0,0,0,0,0,0,-1.244317248,-0.066927192,0,0
84,0,0,0,0,0,0,0,0,0,0,0,0,0,0,0,0,0,0,0,0,0,0,0,0,0,0,0,0,0,0,0,0,0,0,0,0,0,0,0,-1.270117222,0.003022303,0,1
85,0,0,0,0,0,0,0,0,0,0,0,0,0,0,0,0,0,0,0,0,0,0,0,0,0,0,0,0,0,0,0,0,0,0,0,0,0,0,0,-1.33021726,0.014929951,0,1
86,0,0,0,0,0,0,0,0,0,0,0,0,0,0,0,0,0,0,0,0,0,0,0,0,0,0,0,0,0,0,0,0,0,0,0,0,0,0,0,-1.37861726,-0.000538303,0,1
87,0,0,0,0,0,0,0,0,0,0,0,0,0,0,0,0,0,0,0,0,0,0,0,0,0,0,0,0,0,0,0,0,0,0,0,0,0,0,0,-1.36031718,-0.043260525,1,0
88,0,0,0,0,0,0,1,0,0,0,0,1,0,0,0,0,1,1,1,1,0,1,0,0,1,0,0,0,1,0,0,0,0,0,0,0,0,1,0,2.311425334,-0.089982748,0,0
89,1,0,0,1,0,0,0,0,0,0,1,1,0,0,0,0,0,1,0,1,1,0,0,0,0,0,0,0,0,0,1,0,0,1,1,0,0,0,0,2.279481903,-0.023788303,0,0
90,0,0,0,0,0,0,0,0,1,0,0,0,0,0,1,0,0,0,0,0,0,0,0,0,0,0,0,0,0,0,0,0,0,0,0,0,0,0,0,2.231160033,-0.009630896,0,0
91,0,0,0,0,0,0,0,0,0,0,0,0,0,0,0,1,1,1,1,0,0,0,0,0,0,0,0,0,0,0,1,0,0,1,1,0,0,1,0,2.336181948,-0.105260525,0,0
92,0,0,0,0,0,0,0,0,0,0,1,1,1,0,0,0,0,0,0,1,0,1,0,0,0,1,1,0,0,0,0,0,1,0,1,0,0,0,0,2.396981928,-0.080260525,0,0
93,0,1,0,0,0,0,1,0,0,0,0,1,0,0,1,0,0,1,0,0,0,0,1,0,0,0,0,0,1,1,0,1,0,0,0,1,0,0,0,2.455581922,-0.011371637,0,0
94,1,1,1,1,0,1,1,0,0,0,0,0,0,0,1,1,0,0,1,0,1,0,0,0,1,0,0,0,0,0,1,0,0,1,1,0,1,0,1,2.802881759,0.002517252,1,0
95,0,1,0,0,1,1,0,1,1,0,1,1,1,1,1,0,0,0,0,0,0,0,0,0,0,0,1,0,0,0,0,1,0,0,1,0,1,0,0,2.75518178,0.040406141,1,0
96,0,1,1,0,1,0,1,0,1,1,1,1,1,1,1,0,1,0,1,0,1,0,1,0,1,1,0,1,1,1,0,1,0,0,0,0,0,1,1,2.74318182,-0.048831954,0,1
97,0,0,0,1,0,1,0,0,1,1,0,1,1,0,1,1,0,1,0,0,0,0,0,0,1,1,0,0,0,0,0,0,0,0,0,0,0,0,0,3.3187281,0.056526576,0,1
98,1,0,1,0,1,1,0,0,1,1,0,1,1,0,1,1,0,0,0,0,1,1,1,0,1,1,1,1,1,0,0,0,0,1,1,1,1,0,1,3.269442693,0.036480215,0,1
99,1,1,0,1,1,1,0,1,1,1,0,0,1,1,0,1,1,0,0,1,1,1,1,0,1,1,1,1,1,0,1,1,0,0,0,0,0,1,1,3.220496666,0.058231538,0,1
100,1,1,1,0,1,0,1,1,1,1,0,0,0,0,0,1,0,1,0,0,0,0,1,1,0,1,0,1,0,1,1,0,0,0,0,0,0,1,1,3.169556053,-0.005462546,0,1
101,1,1,1,0,1,0,1,1,1,1,1,0,1,0,1,0,1,0,1,0,0,0,1,1,1,0,0,1,1,0,0,0,1,1,1,0,0,0,1,3.119751031,-0.016944027,0,1
102,0,0,0,0,0,0,0,0,0,0,0,0,0,0,0,0,0,0,1,0,0,1,0,0,1,0,1,0,0,0,1,0,0,0,0,0,1,1,1,3.070534712,-0.041133541,0,0
103,1,0,0,1,0,0,1,1,0,1,0,1,1,1,1,1,0,1,0,0,1,1,1,1,0,0,0,1,1,1,1,0,1,0,0,1,1,1,1,3.024127941,-0.003212906,0,1
104,0,0,0,0,1,0,0,0,0,0,0,0,0,1,0,0,0,0,1,0,0,0,1,0,0,0,0,0,0,1,0,0,1,0,0,0,0,0,0,3.350657342,-0.039134984,0,0
105,0,0,0,0,0,0,0,0,0,0,0,0,0,0,0,0,0,0,1,0,0,1,0,0,0,0,0,1,0,0,0,0,0,1,0,0,0,1,0,3.399384251,-0.043118334,0,0
106,1,0,0,0,0,1,0,0,0,0,0,0,0,0,0,0,0,0,1,0,0,1,1,0,1,0,0,0,0,0,0,1,1,1,1,0,1,0,0,3.450326229,0.00904503,0,0
107,1,0,0,0,0,0,0,0,0,0,0,0,0,0,0,0,0,0,1,0,0,0,0,0,1,0,0,0,1,0,1,1,0,1,1,0,0,0,0,3.49816776,-0.013679329,0,0
108,1,0,0,0,0,1,0,1,0,1,0,0,1,0,0,1,0,0,0,0,0,0,0,1,0,1,0,1,0,0,0,0,1,1,0,0,0,1,0,3.541829681,0.061350586,0,0
109,0,0,0,0,0,1,1,0,1,1,0,1,0,0,0,0,0,0,0,0,0,0,0,0,0,0,0,0,0,0,0,0,0,0,0,0,0,0,0,-4.388816516,-0.030816081,1,0
110,0,0,0,0,0,0,0,0,0,0,0,0,0,0,0,0,0,0,0,0,0,0,0,0,0,0,0,0,0,0,0,0,0,0,0,0,0,0,0,-4.156116578,0.019851363,0,0
111,0,0,0,0,0,0,0,0,0,0,0,0,0,0,0,0,0,0,0,0,0,0,0,0,0,0,0,0,0,0,1,0,1,1,1,1,0,1,0,-4.410616456,-0.023395446,0,1
112,0,0,0,0,0,0,0,0,0,0,0,0,0,0,0,0,0,0,0,0,0,0,0,0,0,0,0,0,0,0,0,0,0,0,0,0,0,0,0,-4.370516449,0.062933919,1,0
113,0,1,0,0,0,0,0,0,0,0,0,0,0,0,0,0,0,0,0,0,0,0,0,0,0,0,0,0,0,0,0,0,0,0,0,0,0,0,0,-4.319416495,0.016197808,1,0
114,0,0,0,0,0,0,0,0,0,0,0,0,0,0,0,0,0,0,0,0,0,0,0,0,0,0,0,0,0,0,0,0,0,0,0,0,0,0,0,-4.335416556,-0.075593859,1,0
115,0,0,0,0,0,0,0,0,0,0,0,0,0,0,0,0,0,0,0,0,0,0,0,0,0,0,0,0,0,0,0,0,0,0,0,0,0,0,0,-4.251151858,-0.052968859,1,0
116,0,0,0,0,0,0,0,0,0,0,0,0,0,0,0,0,0,0,0,0,0,0,0,0,0,0,0,0,0,0,0,0,0,0,0,0,0,0,0,-4.1632204,-0.053593859,0,0
117,1,0,1,0,0,0,0,0,0,0,0,0,0,0,0,0,0,0,0,0,0,0,0,0,0,0,0,0,0,0,0,0,0,0,0,0,0,0,0,-4.930845618,0.076869104,1,0
118,0,0,0,0,0,0,0,0,0,0,0,0,0,0,0,0,0,0,0,0,0,0,0,0,0,0,0,0,0,0,0,1,0,0,0,0,1,0,0,-4.8486164,-0.031920578,1,0
119,0,0,1,1,0,1,0,0,0,0,0,1,0,0,0,0,0,0,0,0,0,0,0,0,0,0,0,0,0,0,0,0,0,0,0,0,0,0,0,-4.783839838,0.171168046,1,0
120,0,0,0,0,0,0,0,0,0,0,0,0,0,0,0,0,0,0,0,0,0,0,0,0,0,0,0,0,0,0,0,0,0,0,0,0,0,0,0,-4.881416328,0.112168046,1,0
121,0,0,1,0,0,0,0,0,0,0,0,0,0,0,0,0,0,0,0,0,0,0,0,0,0,0,0,0,0,0,0,0,0,0,0,0,0,0,0,-4.835416404,0.106287094,1,0
122,0,0,1,1,0,1,0,0,0,0,0,0,0,0,0,0,0,0,0,0,0,0,0,0,0,0,0,0,0,0,0,0,0,0,0,0,0,0,0,-0.935217278,-0.060742007,1,0
123,0,0,0,0,0,0,0,0,0,0,0,0,0,0,0,0,0,0,0,0,0,0,1,0,0,0,1,0,0,0,1,0,1,0,1,1,0,1,1,-0.888917359,-0.077321131,1,0
124,0,0,0,0,0,0,0,0,0,1,1,1,0,0,0,0,0,0,0,0,0,0,0,0,0,0,0,0,0,0,0,0,0,0,0,0,0,0,0,-0.840017387,-0.052991165,1,0
125,0,0,0,0,0,0,0,0,0,0,0,0,0,0,0,0,0,1,0,0,0,0,0,0,0,0,0,0,0,0,0,0,0,0,0,0,0,0,0,-0.790917368,-0.062070049,1,0
126,0,0,0,0,0,0,0,0,0,0,0,0,0,0,0,0,0,0,0,0,0,0,0,0,0,0,0,0,0,0,0,0,0,0,0,0,0,0,0,-0.741817323,-0.063593859,0,0
127,0,0,0,0,0,0,0,0,0,0,0,0,0,0,0,0,0,0,0,0,0,0,0,0,1,1,1,0,0,0,0,0,0,0,0,1,0,0,1,-0.691617381,-0.059101795,0,0
128,0,0,0,0,0,0,0,0,0,0,0,0,0,0,0,0,0,0,0,0,0,0,0,0,0,0,0,0,0,0,0,0,0,0,0,0,0,0,0,-0.641417402,-0.055715071,0,0
129,1,1,0,0,0,0,0,1,0,1,1,0,0,0,1,1,1,1,0,1,0,0,0,1,1,0,0,1,0,1,0,1,0,0,0,1,0,1,0,2.866881845,0.068251379,1,0
130,0,0,1,0,0,0,0,1,0,1,1,1,0,0,0,0,1,0,1,0,0,1,0,0,0,1,0,0,1,1,0,0,0,0,1,0,0,1,0,2.902081754,0.000406141,0,0
131,1,1,0,1,0,1,0,1,0,0,0,0,1,1,1,1,0,1,0,0,0,0,1,1,0,1,1,1,1,1,0,1,0,1,1,0,1,0,0,2.953281817,0.070572808,1,0
132,0,0,0,0,0,1,0,0,1,1,0,1,1,1,0,1,1,0,1,0,1,0,1,0,1,0,0,0,0,0,1,0,0,1,1,1,1,0,0,2.99148171,0.112072808,1,0
133,0,0,0,1,0,1,0,0,1,0,0,1,1,0,0,0,0,0,1,1,0,1,1,1,1,0,1,0,1,1,0,1,0,1,1,1,0,1,0,3.010481789,0.082146882,1,0
134,0,0,0,0,0,0,0,0,0,0,0,0,0,0,0,1,0,0,1,1,1,0,1,0,1,1,1,0,0,0,0,0,1,1,0,0,1,0,0,3.003781807,0.066406141,1,0
135,1,1,1,0,0,1,1,0,0,0,0,1,1,0,0,1,0,0,0,0,0,1,1,1,1,0,0,0,0,0,1,0,1,1,1,0,1,1,1,3.525645834,0.039951115,1,0
136,0,1,1,1,1,1,1,0,1,0,1,1,0,1,0,1,1,0,1,1,0,1,0,0,1,1,0,0,0,0,1,1,1,0,1,0,0,0,1,3.498045834,0.060215665,1,0
137,1,0,1,0,0,0,1,0,0,0,1,1,0,0,0,1,1,0,1,1,0,1,0,1,0,1,1,0,1,1,0,0,1,1,0,1,0,1,1,3.418881621,0.024878363,1,0
138,0,1,0,0,0,0,0,0,0,1,0,0,1,1,0,1,0,0,1,1,1,0,1,0,0,0,1,0,1,0,0,0,1,1,0,1,1,1,0,3.380481675,0.081498734,1,0
139,0,0,0,0,0,0,0,0,0,0,0,0,0,0,0,0,0,0,0,0,0,0,0,0,0,0,0,0,0,0,0,0,0,0,0,0,0,0,0,-5.648316187,0,1,0
140,0,0,0,0,0,0,0,0,0,0,0,0,0,0,0,0,0,0,0,0,0,0,0,0,0,0,0,0,0,0,0,0,0,0,0,0,0,0,0,-5.609616156,-0.025260525,1,0
141,0,0,0,0,0,0,0,0,0,0,0,0,0,0,0,0,0,0,0,0,0,0,0,0,0,0,0,0,0,0,0,0,0,0,0,0,0,0,0,-5.561316213,0,1,0
142,0,0,0,0,0,0,0,0,0,0,0,0,0,0,0,0,0,0,0,0,0,0,0,0,0,0,0,0,0,0,0,0,0,0,0,0,0,0,0,-5.583216172,0.021485506,1,0
143,0,0,0,0,0,0,0,0,0,0,0,0,0,0,0,0,0,0,0,0,0,0,0,0,0,0,0,0,0,0,0,0,0,0,0,0,0,0,0,-5.634916165,-0.030260525,1,0
144,0,0,0,0,0,0,0,0,0,0,0,0,0,0,0,0,0,0,0,0,0,0,0,0,0,0,0,0,0,0,0,0,0,0,0,0,0,0,0,-5.678016232,-0.038316081,1,0
145,0,0,0,0,1,1,1,1,0,1,0,0,0,1,0,1,1,0,0,0,0,0,0,0,0,0,0,0,0,0,0,0,0,0,0,0,0,0,0,-5.565916221,-0.045617668,1,0
146,0,0,0,0,0,0,0,0,0,0,0,0,0,0,0,0,0,0,0,0,0,0,0,0,0,0,0,0,0,0,0,0,0,0,0,0,0,0,0,-5.563016252,-0.033593859,1,0
147,0,1,0,1,1,0,0,0,0,1,0,0,0,0,1,0,0,0,0,0,1,0,0,1,0,0,1,0,0,0,1,0,1,0,0,0,0,0,0,2.444881941,-0.038038303,0,0
148,0,0,0,0,0,0,0,0,0,0,0,0,0,0,0,0,0,0,0,0,0,0,1,1,1,0,0,0,1,1,0,0,0,1,0,0,0,0,1,2.436181872,-0.033093859,1,0
149,0,0,0,0,1,1,0,1,0,0,0,0,0,0,0,0,0,0,0,0,0,1,0,0,0,0,0,0,0,0,0,0,1,0,1,0,0,0,1,2.394381945,-0.042271107,0,0
150,0,0,0,0,0,0,0,0,0,0,0,0,0,0,0,0,0,0,0,0,0,0,0,0,0,0,0,0,0,0,0,0,0,0,0,0,0,0,0,-5.47628228,-0.041427192,0,0
151,1,0,0,1,1,0,0,0,1,1,0,1,0,0,0,0,0,0,0,0,0,0,0,0,0,0,0,0,0,0,0,0,0,0,0,0,0,0,0,-5.536742431,-0.040482748,1,0
152,0,0,0,0,0,0,0,0,0,0,0,0,0,0,0,0,0,0,0,0,0,0,0,0,0,0,0,0,0,0,0,0,0,0,0,0,0,0,0,-5.517572579,0.015850586,0,1
153,0,1,1,0,0,0,0,0,0,0,0,0,0,0,0,0,0,0,0,0,0,0,0,0,0,0,0,0,0,0,0,0,0,0,0,0,0,0,0,-1.783917107,0.018906141,1,0
154,0,0,0,0,0,1,0,1,1,1,0,0,1,1,0,1,1,0,1,1,1,1,1,1,0,0,1,0,0,0,0,0,0,0,0,0,0,0,0,-1.733617162,-0.028593859,1,0
155,0,0,0,0,0,0,0,0,0,0,0,0,0,0,0,0,0,0,0,0,0,0,0,0,0,0,0,0,0,0,0,0,0,0,0,0,0,0,0,-1.787117112,-0.041649414,1,0
156,0,0,0,0,0,0,0,0,0,0,0,0,0,0,0,0,0,0,0,0,0,0,0,0,0,0,0,0,0,0,0,0,0,0,0,0,0,0,0,-1.721617135,-0.058927192,1,0
157,0,1,0,0,0,1,0,0,1,0,1,0,0,1,1,1,1,0,1,0,1,0,1,1,0,0,1,0,0,0,0,0,0,1,0,1,1,1,0,3.57148168,-0.042260525,1,0
158,0,0,0,0,0,0,0,0,0,0,0,0,0,0,0,0,0,0,0,0,0,0,0,1,1,1,1,1,0,0,0,0,0,0,1,0,1,1,1,3.628181571,-0.044982748,1,0
159,0,0,0,0,0,0,0,0,0,0,0,0,0,0,0,0,0,0,0,0,0,0,0,0,0,0,0,0,0,0,1,0,0,0,1,1,0,0,0,3.606045834,0.012517252,1,0
160,1,0,1,1,0,1,0,1,0,1,0,0,1,1,1,1,0,1,0,1,1,0,1,1,0,1,0,1,1,1,0,0,0,0,1,0,1,0,1,1.84288208,0.017683919,1,0
161,0,1,0,0,0,0,0,0,0,0,0,0,0,0,0,0,0,0,0,0,0,0,0,0,0,0,0,0,0,0,0,0,0,0,0,0,0,0,0,-5.814816114,0.080120427,0,1
162,0,0,0,0,0,0,0,0,0,0,0,0,0,0,0,0,0,0,0,0,0,0,0,0,0,0,0,0,0,0,0,0,0,0,0,0,0,0,0,-5.8358162,-0.063631738,0,0
163,0,0,0,0,0,0,0,0,0,0,0,0,0,0,0,0,0,0,0,0,0,0,0,0,0,0,0,0,0,0,0,0,0,0,0,0,0,0,0,-5.879716105,0.086128363,0,0
164,0,0,0,0,0,0,0,0,0,0,0,0,0,0,0,0,0,0,0,0,0,0,0,0,0,0,0,0,0,0,0,0,0,0,0,0,0,0,0,-5.924816104,0.027239475,1,0
