Site,nMagnitude1,nMagnitude2,nMagnitude3,nMagnitude4,nSprings,SpringQcfs,SpringQcms,stSpringQcms,Latitude,Longitude,Stream,SurveyDate,TotalEffort,nOccasions,Total_MW,Occ1,Occ2,Occ3,Occ4,Occ5,Occ6,Occ7,Occ8,Effort1,Effort2,Effort3,Effort4,Effort5,Effort6,Effort7,Effort8,stEffort1,stEffort2,stEffort3,stEffort4,stEffort5,stEffort6,stEffort7,stEffort8
1,5,1,1,1,8,511.1,14.4727405,-0.147721829,29.85437,-82.61341,Santa Fe River,10/22/2013,2.5,3,0,0,0,0,NA,NA,NA,NA,NA,0.833333333,0.833333333,0.833333333,0.833333333,0.833333333,0.833333333,0.833333333,0.833333333,2.637016768,2.637016768,2.637016768,2.637016768,2.637016768,2.637016768,2.637016768,2.637016768
2,4,1,1,1,7,411.1,11.6410558,-0.273072544,29.85392,-82.61288,Santa Fe River,10/22/2013,2,3,0,0,0,0,NA,NA,NA,NA,NA,0.666666667,0.666666667,0.666666667,0.666666667,0.666666667,0.666666667,0.666666667,0.666666667,1.661969515,1.661969515,1.661969515,1.661969515,1.661969515,1.661969515,1.661969515,1.661969515
3,0,0,0,0,0,0,0,-0.788389332,29.92623,-82.41117,New River,10/24/2013,2,3,0,0,0,0,NA,NA,NA,NA,NA,0.666666667,0.666666667,0.666666667,0.666666667,0.666666667,0.666666667,0.666666667,0.666666667,1.661969515,1.661969515,1.661969515,1.661969515,1.661969515,1.661969515,1.661969515,1.661969515
4,8,20,8,2,38,1008.2,28.54904515,0.475396574,29.86478,-82.73958,New River,10/30/2013,3,2,0,0,0,NA,NA,NA,NA,NA,NA,1.5,1.5,1.5,1.5,1.5,1.5,1.5,1.5,6.53720578,6.53720578,6.53720578,6.53720578,6.53720578,6.53720578,6.53720578,6.53720578
5,1,10,2,0,13,202,5.720003094,-0.535180888,30.39175,-83.17715,Withlacoochee River,7/15/2014,2,3,0,0,0,0,NA,NA,NA,NA,NA,0.666666667,0.666666667,0.666666667,0.666666667,0.666666667,0.666666667,0.666666667,0.666666667,1.661969515,1.661969515,1.661969515,1.661969515,1.661969515,1.661969515,1.661969515,1.661969515
6,5,22,12,11,50,733.1,20.75908054,0.130556758,30.36815,-83.193,Suwannee River,7/24/2014,1,3,0,0,0,0,NA,NA,NA,NA,NA,0.333333333,0.333333333,0.333333333,0.333333333,0.333333333,0.333333333,0.333333333,0.333333333,-0.28812499,-0.28812499,-0.28812499,-0.28812499,-0.28812499,-0.28812499,-0.28812499,-0.28812499
7,5,22,12,11,50,733.1,20.75908054,0.130556758,30.36131,-83.19308,Suwannee River,7/24/2014,1,3,0,0,0,0,NA,NA,NA,NA,NA,0.333333333,0.333333333,0.333333333,0.333333333,0.333333333,0.333333333,0.333333333,0.333333333,-0.28812499,-0.28812499,-0.28812499,-0.28812499,-0.28812499,-0.28812499,-0.28812499,-0.28812499
8,5,22,12,11,50,733.1,20.75908054,0.130556758,30.35453,-83.19106,Suwannee River,7/24/2014,1,3,0,0,0,0,NA,NA,NA,NA,NA,0.333333333,0.333333333,0.333333333,0.333333333,0.333333333,0.333333333,0.333333333,0.333333333,-0.28812499,-0.28812499,-0.28812499,-0.28812499,-0.28812499,-0.28812499,-0.28812499,-0.28812499
9,5,22,12,11,50,733.1,20.75908054,0.130556758,30.3836,-83.17865,Suwannee River,7/24/2014,1.5,3,0,0,0,0,NA,NA,NA,NA,NA,0.5,0.5,0.5,0.5,0.5,0.5,0.5,0.5,0.686922263,0.686922263,0.686922263,0.686922263,0.686922263,0.686922263,0.686922263,0.686922263
10,4,21,12,11,48,623.1,17.64422737,-0.007329028,30.38501,-83.17354,Suwannee River,7/24/2014,1,3,0,0,0,0,NA,NA,NA,NA,NA,0.333333333,0.333333333,0.333333333,0.333333333,0.333333333,0.333333333,0.333333333,0.333333333,-0.28812499,-0.28812499,-0.28812499,-0.28812499,-0.28812499,-0.28812499,-0.28812499,-0.28812499
11,2,9,10,10,31,301,8.523370947,-0.411083681,30.40026,-83.16181,Suwannee River,7/24/2014,1,3,0,0,0,0,NA,NA,NA,NA,NA,0.333333333,0.333333333,0.333333333,0.333333333,0.333333333,0.333333333,0.333333333,0.333333333,-0.28812499,-0.28812499,-0.28812499,-0.28812499,-0.28812499,-0.28812499,-0.28812499,-0.28812499
12,0,0,0,0,0,0,0,-0.788389332,30.60747,-83.06569,Alapaha River,7/25/2014,1,3,0,0,0,0,NA,NA,NA,NA,NA,0.333333333,0.333333333,0.333333333,0.333333333,0.333333333,0.333333333,0.333333333,0.333333333,-0.28812499,-0.28812499,-0.28812499,-0.28812499,-0.28812499,-0.28812499,-0.28812499,-0.28812499
13,0,0,0,0,0,0,0,-0.788389332,30.60708,-83.06796,Alapaha River,7/25/2014,1.5,3,0,0,0,0,NA,NA,NA,NA,NA,0.5,0.5,0.5,0.5,0.5,0.5,0.5,0.5,0.686922263,0.686922263,0.686922263,0.686922263,0.686922263,0.686922263,0.686922263,0.686922263
14,0,0,0,0,0,0,0,-0.788389332,30.60316,-83.07198,Alapaha River,7/25/2014,1,3,0,0,0,0,NA,NA,NA,NA,NA,0.333333333,0.333333333,0.333333333,0.333333333,0.333333333,0.333333333,0.333333333,0.333333333,-0.28812499,-0.28812499,-0.28812499,-0.28812499,-0.28812499,-0.28812499,-0.28812499,-0.28812499
15,0,0,0,0,0,0,0,-0.788389332,30.604333,-83.07557,Alapahoochee River,7/25/2014,0.75,3,0,0,0,0,NA,NA,NA,NA,NA,0.25,0.25,0.25,0.25,0.25,0.25,0.25,0.25,-0.775648617,-0.775648617,-0.775648617,-0.775648617,-0.775648617,-0.775648617,-0.775648617,-0.775648617
16,0,0,0,0,0,0,0,-0.788389332,30.59958,-83.07335,Alapaha River,7/25/2014,1.5,3,0,0,0,0,NA,NA,NA,NA,NA,0.5,0.5,0.5,0.5,0.5,0.5,0.5,0.5,0.686922263,0.686922263,0.686922263,0.686922263,0.686922263,0.686922263,0.686922263,0.686922263
17,0,4,4,5,13,44.5,1.260099691,-0.732608264,30.4008,-82.94498,Suwannee River,8/5/2014,1,2,0,0,0,NA,NA,NA,NA,NA,NA,0.5,0.5,0.5,0.5,0.5,0.5,0.5,0.5,0.686922263,0.686922263,0.686922263,0.686922263,0.686922263,0.686922263,0.686922263,0.686922263
18,0,4,4,4,12,44.4,1.257268007,-0.732733615,30.4,-82.93919,Suwannee River,8/5/2014,0.5,2,0,0,0,NA,NA,NA,NA,NA,NA,0.25,0.25,0.25,0.25,0.25,0.25,0.25,0.25,-0.775648617,-0.775648617,-0.775648617,-0.775648617,-0.775648617,-0.775648617,-0.775648617,-0.775648617
19,0,4,4,5,13,44.5,1.260099691,-0.732608264,30.40002,-82.94375,Suwannee River,8/5/2014,1.5,2,0,0,0,NA,NA,NA,NA,NA,NA,0.75,0.75,0.75,0.75,0.75,0.75,0.75,0.75,2.149493142,2.149493142,2.149493142,2.149493142,2.149493142,2.149493142,2.149493142,2.149493142
20,0,4,4,5,13,44.5,1.260099691,-0.732608264,30.40576,-82.94704,Suwannee River,8/5/2014,1,2,0,0,0,NA,NA,NA,NA,NA,NA,0.5,0.5,0.5,0.5,0.5,0.5,0.5,0.5,0.686922263,0.686922263,0.686922263,0.686922263,0.686922263,0.686922263,0.686922263,0.686922263
21,0,4,4,5,13,44.5,1.260099691,-0.732608264,30.41515,-82.9645,Suwannee River,8/5/2014,0.5,2,0,0,0,NA,NA,NA,NA,NA,NA,0.25,0.25,0.25,0.25,0.25,0.25,0.25,0.25,-0.775648617,-0.775648617,-0.775648617,-0.775648617,-0.775648617,-0.775648617,-0.775648617,-0.775648617
22,0,0,0,0,0,0,0,-0.788389332,30.25377,-83.25939,Mill Creek,8/6/2014,1.25,3,0,0,0,0,NA,NA,NA,NA,NA,0.416666667,0.416666667,0.416666667,0.416666667,0.416666667,0.416666667,0.416666667,0.416666667,0.199398636,0.199398636,0.199398636,0.199398636,0.199398636,0.199398636,0.199398636,0.199398636
23,5,24,14,19,62,755.9,21.40470465,0.159136721,30.26946,-83.23895,Suwannee River,8/6/2014,1,3,0,0,0,0,NA,NA,NA,NA,NA,0.333333333,0.333333333,0.333333333,0.333333333,0.333333333,0.333333333,0.333333333,0.333333333,-0.28812499,-0.28812499,-0.28812499,-0.28812499,-0.28812499,-0.28812499,-0.28812499,-0.28812499
24,5,23,13,14,55,744.4,21.07906091,0.144721389,30.30401,-83.22141,Suwannee River,8/6/2014,1,3,0,0,0,0,NA,NA,NA,NA,NA,0.333333333,0.333333333,0.333333333,0.333333333,0.333333333,0.333333333,0.333333333,0.333333333,-0.28812499,-0.28812499,-0.28812499,-0.28812499,-0.28812499,-0.28812499,-0.28812499,-0.28812499
25,7,40,30,26,103,1132.6,32.07166091,0.631332864,29.96824,-82.95566,Suwannee River,8/13/2014,1,3,1,1,0,0,NA,NA,NA,NA,NA,0.333333333,0.333333333,0.333333333,0.333333333,0.333333333,0.333333333,0.333333333,0.333333333,-0.28812499,-0.28812499,-0.28812499,-0.28812499,-0.28812499,-0.28812499,-0.28812499,-0.28812499
26,7,42,31,26,106,1153.6,32.6663147,0.657656514,29.9445,-82.92369,Suwannee River,8/13/2014,1,3,0,0,0,0,NA,NA,NA,NA,NA,0.333333333,0.333333333,0.333333333,0.333333333,0.333333333,0.333333333,0.333333333,0.333333333,-0.28812499,-0.28812499,-0.28812499,-0.28812499,-0.28812499,-0.28812499,-0.28812499,-0.28812499
27,0,0,0,0,0,0,0,-0.788389332,30.61757,-83.26781,Withlacoochee River,8/18/2014,1,3,0,0,0,0,NA,NA,NA,NA,NA,0.333333333,0.333333333,0.333333333,0.333333333,0.333333333,0.333333333,0.333333333,0.333333333,-0.28812499,-0.28812499,-0.28812499,-0.28812499,-0.28812499,-0.28812499,-0.28812499,-0.28812499
28,0,0,0,0,0,0,0,-0.788389332,30.61511,-83.26718,Withlacoochee River,8/18/2014,1,3,0,0,0,0,NA,NA,NA,NA,NA,0.333333333,0.333333333,0.333333333,0.333333333,0.333333333,0.333333333,0.333333333,0.333333333,-0.28812499,-0.28812499,-0.28812499,-0.28812499,-0.28812499,-0.28812499,-0.28812499,-0.28812499
29,0,0,0,0,0,0,0,-0.788389332,30.62908,-83.29289,Withlacoochee River,8/18/2014,1,3,0,0,0,0,NA,NA,NA,NA,NA,0.333333333,0.333333333,0.333333333,0.333333333,0.333333333,0.333333333,0.333333333,0.333333333,-0.28812499,-0.28812499,-0.28812499,-0.28812499,-0.28812499,-0.28812499,-0.28812499,-0.28812499
30,0,0,0,0,0,0,0,-0.788389332,30.63128,-83.30173,Withlacoochee River,8/18/2014,1,3,0,0,0,0,NA,NA,NA,NA,NA,0.333333333,0.333333333,0.333333333,0.333333333,0.333333333,0.333333333,0.333333333,0.333333333,-0.28812499,-0.28812499,-0.28812499,-0.28812499,-0.28812499,-0.28812499,-0.28812499,-0.28812499
31,0,0,0,0,0,0,0,-0.788389332,30.63222,-83.30517,Withlacoochee River,8/18/2014,1.25,3,0,0,0,0,NA,NA,NA,NA,NA,0.416666667,0.416666667,0.416666667,0.416666667,0.416666667,0.416666667,0.416666667,0.416666667,0.199398636,0.199398636,0.199398636,0.199398636,0.199398636,0.199398636,0.199398636,0.199398636
32,7,43,31,26,107,1163.6,32.94948317,0.670191585,29.90734,-82.91795,Suwannee River,8/19/2014,1,3,0,0,0,0,NA,NA,NA,NA,NA,0.333333333,0.333333333,0.333333333,0.333333333,0.333333333,0.333333333,0.333333333,0.333333333,-0.28812499,-0.28812499,-0.28812499,-0.28812499,-0.28812499,-0.28812499,-0.28812499,-0.28812499
33,7,43,31,26,107,1163.6,32.94948317,0.670191585,29.89993,-82.91713,Suwannee River,8/19/2014,1.75,3,14,1,1,1,NA,NA,NA,NA,NA,0.583333333,0.583333333,0.583333333,0.583333333,0.583333333,0.583333333,0.583333333,0.583333333,1.174445889,1.174445889,1.174445889,1.174445889,1.174445889,1.174445889,1.174445889,1.174445889
34,7,43,31,26,107,1163.6,32.94948317,0.670191585,29.89915,-82.8948,Suwannee River,8/19/2014,1,3,1,0,0,1,NA,NA,NA,NA,NA,0.333333333,0.333333333,0.333333333,0.333333333,0.333333333,0.333333333,0.333333333,0.333333333,-0.28812499,-0.28812499,-0.28812499,-0.28812499,-0.28812499,-0.28812499,-0.28812499,-0.28812499
35,7,43,31,26,107,1163.6,32.94948317,0.670191585,29.88397,-82.88773,Suwannee River,8/19/2014,1,3,1,1,0,0,NA,NA,NA,NA,NA,0.333333333,0.333333333,0.333333333,0.333333333,0.333333333,0.333333333,0.333333333,0.333333333,-0.28812499,-0.28812499,-0.28812499,-0.28812499,-0.28812499,-0.28812499,-0.28812499,-0.28812499
36,1,5,1,0,7,151,4.275843897,-0.599109753,30.42063,-83.21911,Withlacoochee River,8/21/2014,1,2,0,0,0,NA,NA,NA,NA,NA,NA,0.5,0.5,0.5,0.5,0.5,0.5,0.5,0.5,0.686922263,0.686922263,0.686922263,0.686922263,0.686922263,0.686922263,0.686922263,0.686922263
37,1,5,1,0,7,151,4.275843897,-0.599109753,30.42541,-83.21973,Withlacoochee River,8/21/2014,0.5,2,0,0,0,NA,NA,NA,NA,NA,NA,0.25,0.25,0.25,0.25,0.25,0.25,0.25,0.25,-0.775648617,-0.775648617,-0.775648617,-0.775648617,-0.775648617,-0.775648617,-0.775648617,-0.775648617
38,1,4,1,0,6,141,3.992675427,-0.611644825,30.44918,-83.21979,Withlacoochee River,8/21/2014,1,2,0,0,0,NA,NA,NA,NA,NA,NA,0.5,0.5,0.5,0.5,0.5,0.5,0.5,0.5,0.686922263,0.686922263,0.686922263,0.686922263,0.686922263,0.686922263,0.686922263,0.686922263
39,1,3,1,0,5,131,3.709506957,-0.624179896,30.45535,-83.21918,Withlacoochee River,8/21/2014,0.6,2,0,0,0,NA,NA,NA,NA,NA,NA,0.3,0.3,0.3,0.3,0.3,0.3,0.3,0.3,-0.483134441,-0.483134441,-0.483134441,-0.483134441,-0.483134441,-0.483134441,-0.483134441,-0.483134441
40,1,2,1,0,4,121,3.426338487,-0.636714967,30.46758,-83.22552,Withlacoochee River,8/21/2014,0.8,2,0,0,0,NA,NA,NA,NA,NA,NA,0.4,0.4,0.4,0.4,0.4,0.4,0.4,0.4,0.101893911,0.101893911,0.101893911,0.101893911,0.101893911,0.101893911,0.101893911,0.101893911
41,1,5,1,0,7,151,4.275843897,-0.599109753,30.4342,-83.22115,Withlacoochee River,8/21/2014,0.08,2,0,0,0,NA,NA,NA,NA,NA,NA,0.04,0.04,0.04,0.04,0.04,0.04,0.04,0.04,-2.004208155,-2.004208155,-2.004208155,-2.004208155,-2.004208155,-2.004208155,-2.004208155,-2.004208155
42,1,10,2,0,13,202,5.720003094,-0.535180888,30.41348,-83.18903,Withlacoochee River,8/22/2014,1,2,0,0,0,NA,NA,NA,NA,NA,NA,0.5,0.5,0.5,0.5,0.5,0.5,0.5,0.5,0.686922263,0.686922263,0.686922263,0.686922263,0.686922263,0.686922263,0.686922263,0.686922263
43,1,10,2,0,13,202,5.720003094,-0.535180888,30.41067,-83.18008,Withlacoochee River,8/22/2014,1,2,0,0,0,NA,NA,NA,NA,NA,NA,0.5,0.5,0.5,0.5,0.5,0.5,0.5,0.5,0.686922263,0.686922263,0.686922263,0.686922263,0.686922263,0.686922263,0.686922263,0.686922263
44,1,10,2,0,13,202,5.720003094,-0.535180888,30.39655,-83.17554,Withlacoochee River,8/22/2014,1,2,0,0,0,NA,NA,NA,NA,NA,NA,0.5,0.5,0.5,0.5,0.5,0.5,0.5,0.5,0.686922263,0.686922263,0.686922263,0.686922263,0.686922263,0.686922263,0.686922263,0.686922263
45,2,9,10,9,30,300.9,8.520539262,-0.411209032,30.40946,-83.1561,Suwannee River,8/26/2014,1.5,6,0,0,0,0,0,0,0,NA,NA,0.25,0.25,0.25,0.25,0.25,0.25,0.25,0.25,-0.775648617,-0.775648617,-0.775648617,-0.775648617,-0.775648617,-0.775648617,-0.775648617,-0.775648617
46,2,9,10,9,30,300.9,8.520539262,-0.411209032,30.41022,-83.1596,Suwannee River,8/26/2014,1.5,6,0,0,0,0,0,0,0,NA,NA,0.25,0.25,0.25,0.25,0.25,0.25,0.25,0.25,-0.775648617,-0.775648617,-0.775648617,-0.775648617,-0.775648617,-0.775648617,-0.775648617,-0.775648617
47,1,11,2,0,14,212,6.003171564,-0.522645817,30.38606,-83.1709,Withlacoochee River,8/26/2014,4.5,6,0,0,0,0,0,0,0,NA,NA,0.75,0.75,0.75,0.75,0.75,0.75,0.75,0.75,2.149493142,2.149493142,2.149493142,2.149493142,2.149493142,2.149493142,2.149493142,2.149493142
48,2,9,10,10,31,301,8.523370947,-0.411083681,30.39778,-83.16557,Suwannee River,8/26/2014,2,6,0,0,0,0,0,0,0,NA,NA,0.333333333,0.333333333,0.333333333,0.333333333,0.333333333,0.333333333,0.333333333,0.333333333,-0.28812499,-0.28812499,-0.28812499,-0.28812499,-0.28812499,-0.28812499,-0.28812499,-0.28812499
49,5,23,13,18,59,744.8,21.09038765,0.145222792,30.28966,-83.23219,Suwannee River,8/27/2014,1.5,6,0,0,0,0,0,0,0,NA,NA,0.25,0.25,0.25,0.25,0.25,0.25,0.25,0.25,-0.775648617,-0.775648617,-0.775648617,-0.775648617,-0.775648617,-0.775648617,-0.775648617,-0.775648617
50,5,23,13,13,54,744.3,21.07622922,0.144596038,30.30659,-83.2156,Suwannee River,8/27/2014,2,6,0,0,0,0,0,0,0,NA,NA,0.333333333,0.333333333,0.333333333,0.333333333,0.333333333,0.333333333,0.333333333,0.333333333,-0.28812499,-0.28812499,-0.28812499,-0.28812499,-0.28812499,-0.28812499,-0.28812499,-0.28812499
51,5,24,14,19,62,755.9,21.40470465,0.159136721,30.26428,-83.23724,Suwannee River,8/27/2014,1.75,6,0,0,0,0,0,0,0,NA,NA,0.291666667,0.291666667,0.291666667,0.291666667,0.291666667,0.291666667,0.291666667,0.291666667,-0.531886804,-0.531886804,-0.531886804,-0.531886804,-0.531886804,-0.531886804,-0.531886804,-0.531886804
52,5,24,14,19,62,755.9,21.40470465,0.159136721,30.26046,-83.24717,Suwannee River,8/27/2014,1.75,6,0,0,0,0,0,0,0,NA,NA,0.291666667,0.291666667,0.291666667,0.291666667,0.291666667,0.291666667,0.291666667,0.291666667,-0.531886804,-0.531886804,-0.531886804,-0.531886804,-0.531886804,-0.531886804,-0.531886804,-0.531886804
53,7,43,31,26,107,1163.6,32.94948317,0.670191585,29.90075,-82.90211,Suwannee River,8/28/2014,2.5,5,3,0,1,0,1,0,NA,NA,NA,0.5,0.5,0.5,0.5,0.5,0.5,0.5,0.5,0.686922263,0.686922263,0.686922263,0.686922263,0.686922263,0.686922263,0.686922263,0.686922263
54,16,77,52,34,179,2425.4,68.67968071,2.251866905,29.82602,-82.89658,Suwannee River,8/28/2014,1.7,5,1,1,0,0,0,0,NA,NA,NA,0.34,0.34,0.34,0.34,0.34,0.34,0.34,0.34,-0.2491231,-0.2491231,-0.2491231,-0.2491231,-0.2491231,-0.2491231,-0.2491231,-0.2491231
55,16,75,52,34,177,2405.4,68.11334377,2.226796762,29.84202,-82.89171,Suwannee River,8/28/2014,2.9,5,2,1,0,1,0,0,NA,NA,NA,0.58,0.58,0.58,0.58,0.58,0.58,0.58,0.58,1.154944944,1.154944944,1.154944944,1.154944944,1.154944944,1.154944944,1.154944944,1.154944944
56,16,75,51,33,175,2404.3,68.08219524,2.225417904,29.87974,-82.87592,Suwannee River,8/28/2014,2.08,5,7,1,1,0,1,0,NA,NA,NA,0.416,0.416,0.416,0.416,0.416,0.416,0.416,0.416,0.195498447,0.195498447,0.195498447,0.195498447,0.195498447,0.195498447,0.195498447,0.195498447
57,16,81,52,34,183,2465.4,69.81235459,2.302007191,29.71634,-82.94868,Suwannee River,9/3/2014,1,3,1,0,0,1,NA,NA,NA,NA,NA,0.333333333,0.333333333,0.333333333,0.333333333,0.333333333,0.333333333,0.333333333,0.333333333,-0.28812499,-0.28812499,-0.28812499,-0.28812499,-0.28812499,-0.28812499,-0.28812499,-0.28812499
58,16,80,52,34,182,2455.4,69.52918612,2.289472119,29.77499,-82.94147,Suwannee River,9/3/2014,1,3,1,0,0,1,NA,NA,NA,NA,NA,0.333333333,0.333333333,0.333333333,0.333333333,0.333333333,0.333333333,0.333333333,0.333333333,-0.28812499,-0.28812499,-0.28812499,-0.28812499,-0.28812499,-0.28812499,-0.28812499,-0.28812499
59,16,79,52,34,181,2445.4,69.24601765,2.276937048,29.78973,-82.93075,Suwannee River,9/3/2014,1,3,1,1,0,0,NA,NA,NA,NA,NA,0.333333333,0.333333333,0.333333333,0.333333333,0.333333333,0.333333333,0.333333333,0.333333333,-0.28812499,-0.28812499,-0.28812499,-0.28812499,-0.28812499,-0.28812499,-0.28812499,-0.28812499
60,5,26,19,20,70,781,22.11545751,0.19059975,30.15702,-83.2358,Suwannee River,10/27/2014,1,2,4,1,1,NA,NA,NA,NA,NA,NA,0.5,0.5,0.5,0.5,0.5,0.5,0.5,0.5,0.686922263,0.686922263,0.686922263,0.686922263,0.686922263,0.686922263,0.686922263,0.686922263
61,5,27,19,20,71,791,22.39862598,0.203134822,30.1466,-83.23235,Suwannee River,10/27/2014,1,2,0,0,0,NA,NA,NA,NA,NA,NA,0.5,0.5,0.5,0.5,0.5,0.5,0.5,0.5,0.686922263,0.686922263,0.686922263,0.686922263,0.686922263,0.686922263,0.686922263,0.686922263
62,5,27,19,20,71,791,22.39862598,0.203134822,30.12451,-83.22565,Suwannee River,10/27/2014,1,2,9,1,1,NA,NA,NA,NA,NA,NA,0.5,0.5,0.5,0.5,0.5,0.5,0.5,0.5,0.686922263,0.686922263,0.686922263,0.686922263,0.686922263,0.686922263,0.686922263,0.686922263
63,6,27,19,20,72,891,25.23031068,0.328485537,30.10549,-83.20627,Suwannee River,10/27/2014,0.5,2,0,0,0,NA,NA,NA,NA,NA,NA,0.25,0.25,0.25,0.25,0.25,0.25,0.25,0.25,-0.775648617,-0.775648617,-0.775648617,-0.775648617,-0.775648617,-0.775648617,-0.775648617,-0.775648617
64,6,28,19,21,74,901.1,25.51631083,0.341145959,30.09564,-83.18613,Suwannee River,10/27/2014,1,2,2,1,1,NA,NA,NA,NA,NA,NA,0.5,0.5,0.5,0.5,0.5,0.5,0.5,0.5,0.686922263,0.686922263,0.686922263,0.686922263,0.686922263,0.686922263,0.686922263,0.686922263
65,5,24,16,20,65,758,21.46417003,0.161769086,30.24372,-83.25002,Suwannee River,10/29/2014,0.5,2,0,0,0,NA,NA,NA,NA,NA,NA,0.25,0.25,0.25,0.25,0.25,0.25,0.25,0.25,-0.775648617,-0.775648617,-0.775648617,-0.775648617,-0.775648617,-0.775648617,-0.775648617,-0.775648617
66,5,24,16,20,65,758,21.46417003,0.161769086,30.2299,-83.24407,Suwannee River,10/29/2014,0.33,2,0,0,0,NA,NA,NA,NA,NA,NA,0.165,0.165,0.165,0.165,0.165,0.165,0.165,0.165,-1.272922716,-1.272922716,-1.272922716,-1.272922716,-1.272922716,-1.272922716,-1.272922716,-1.272922716
67,5,24,16,20,65,758,21.46417003,0.161769086,30.2127,-83.24476,Suwannee River,10/29/2014,1,2,0,0,0,NA,NA,NA,NA,NA,NA,0.5,0.5,0.5,0.5,0.5,0.5,0.5,0.5,0.686922263,0.686922263,0.686922263,0.686922263,0.686922263,0.686922263,0.686922263,0.686922263
68,5,24,19,20,68,761,21.54912057,0.165529607,30.18014,-83.24684,Suwannee River,10/29/2014,1,2,0,0,0,NA,NA,NA,NA,NA,NA,0.5,0.5,0.5,0.5,0.5,0.5,0.5,0.5,0.686922263,0.686922263,0.686922263,0.686922263,0.686922263,0.686922263,0.686922263,0.686922263
69,5,25,19,20,69,771,21.83228904,0.178064679,30.16675,-83.23112,Suwannee River,10/29/2014,1,2,1,0,1,NA,NA,NA,NA,NA,NA,0.5,0.5,0.5,0.5,0.5,0.5,0.5,0.5,0.686922263,0.686922263,0.686922263,0.686922263,0.686922263,0.686922263,0.686922263,0.686922263
70,5,24,18,20,67,760,21.52080372,0.1642761,30.18753,-83.24931,Suwannee River,10/29/2014,0.33,2,0,0,0,NA,NA,NA,NA,NA,NA,0.165,0.165,0.165,0.165,0.165,0.165,0.165,0.165,-1.272922716,-1.272922716,-1.272922716,-1.272922716,-1.272922716,-1.272922716,-1.272922716,-1.272922716
71,6,34,24,23,87,966.3,27.36256926,0.422874625,30.18753,-83.24931,Suwannee River,10/29/2014,1,2,2,1,0,NA,NA,NA,NA,NA,NA,0.5,0.5,0.5,0.5,0.5,0.5,0.5,0.5,0.686922263,0.686922263,0.686922263,0.686922263,0.686922263,0.686922263,0.686922263,0.686922263
72,6,34,26,24,90,968.4,27.42203463,0.42550699,30.09082,-83.09847,Suwannee River,10/30/2014,1,2,3,1,1,NA,NA,NA,NA,NA,NA,0.5,0.5,0.5,0.5,0.5,0.5,0.5,0.5,0.686922263,0.686922263,0.686922263,0.686922263,0.686922263,0.686922263,0.686922263,0.686922263
73,6,35,27,24,92,979.4,27.73351995,0.439295569,30.08351,-83.08022,Suwannee River,10/30/2014,1,2,3,1,1,NA,NA,NA,NA,NA,NA,0.5,0.5,0.5,0.5,0.5,0.5,0.5,0.5,0.686922263,0.686922263,0.686922263,0.686922263,0.686922263,0.686922263,0.686922263,0.686922263
74,17,87,57,34,195,2630.4,74.48463435,2.50883587,30.06412,-83.0629,Suwannee River,10/30/2014,4.5,8,0,0,0,0,0,0,0,0,0,0.5625,0.5625,0.5625,0.5625,0.5625,0.5625,0.5625,0.5625,1.052564982,1.052564982,1.052564982,1.052564982,1.052564982,1.052564982,1.052564982,1.052564982
75,17,87,57,34,195,2630.4,74.48463435,2.50883587,29.49095,-82.98158,Suwannee River,8/13/2014,2.66,8,0,0,0,0,0,0,0,0,0,0.3325,0.3325,0.3325,0.3325,0.3325,0.3325,0.3325,0.3325,-0.293000227,-0.293000227,-0.293000227,-0.293000227,-0.293000227,-0.293000227,-0.293000227,-0.293000227
76,16,86,57,34,192,2520.4,71.36978118,2.370950084,29.51701,-82.97604,Suwannee River,8/13/2014,2,6,0,0,0,0,0,0,0,NA,NA,0.333333333,0.333333333,0.333333333,0.333333333,0.333333333,0.333333333,0.333333333,0.333333333,-0.28812499,-0.28812499,-0.28812499,-0.28812499,-0.28812499,-0.28812499,-0.28812499,-0.28812499
77,16,85,57,34,191,2510.4,71.08661271,2.358415012,29.58873,-82.93775,Suwannee River,8/14/2014,2,6,0,0,0,0,0,0,0,NA,NA,0.333333333,0.333333333,0.333333333,0.333333333,0.333333333,0.333333333,0.333333333,0.333333333,-0.28812499,-0.28812499,-0.28812499,-0.28812499,-0.28812499,-0.28812499,-0.28812499,-0.28812499
78,16,85,57,34,191,2510.4,71.08661271,2.358415012,29.62788,-82.96973,Suwannee River,8/14/2014,2,6,0,0,0,0,0,0,0,NA,NA,0.333333333,0.333333333,0.333333333,0.333333333,0.333333333,0.333333333,0.333333333,0.333333333,-0.28812499,-0.28812499,-0.28812499,-0.28812499,-0.28812499,-0.28812499,-0.28812499,-0.28812499
79,16,86,57,34,192,2520.4,71.36978118,2.370950084,29.61069,-82.97176,Suwannee River,8/14/2014,2.5,6,0,0,0,0,0,0,0,NA,NA,0.416666667,0.416666667,0.416666667,0.416666667,0.416666667,0.416666667,0.416666667,0.416666667,0.199398636,0.199398636,0.199398636,0.199398636,0.199398636,0.199398636,0.199398636,0.199398636
80,17,87,57,34,195,2630.4,74.48463435,2.50883587,29.59955,-82.96231,Suwannee River,8/14/2014,2,6,0,0,0,0,0,0,0,NA,NA,0.333333333,0.333333333,0.333333333,0.333333333,0.333333333,0.333333333,0.333333333,0.333333333,-0.28812499,-0.28812499,-0.28812499,-0.28812499,-0.28812499,-0.28812499,-0.28812499,-0.28812499
81,17,87,57,34,195,2630.4,74.48463435,2.50883587,29.55504,-82.95103,Suwannee River,8/14/2014,1.3,3,0,0,0,0,NA,NA,NA,NA,NA,0.433333333,0.433333333,0.433333333,0.433333333,0.433333333,0.433333333,0.433333333,0.433333333,0.296903361,0.296903361,0.296903361,0.296903361,0.296903361,0.296903361,0.296903361,0.296903361
82,16,82,52,34,184,2475.4,70.09552306,2.314542262,29.55821,-82.95261,Suwannee River,9/4/2014,0.5,3,0,0,0,0,NA,NA,NA,NA,NA,0.166666667,0.166666667,0.166666667,0.166666667,0.166666667,0.166666667,0.166666667,0.166666667,-1.263172243,-1.263172243,-1.263172243,-1.263172243,-1.263172243,-1.263172243,-1.263172243,-1.263172243
83,17,87,57,34,195,2630.4,74.48463435,2.50883587,29.70066,-82.94704,Suwannee River,9/4/2014,0.58,6,0,0,0,0,0,0,0,NA,NA,0.096666667,0.096666667,0.096666667,0.096666667,0.096666667,0.096666667,0.096666667,0.096666667,-1.672692089,-1.672692089,-1.672692089,-1.672692089,-1.672692089,-1.672692089,-1.672692089,-1.672692089
84,7,43,31,26,107,1163.6,32.94948317,0.670191585,29.57867,-82.94382,Suwannee River,8/14/2014,1,3,0,0,0,0,NA,NA,NA,NA,NA,0.333333333,0.333333333,0.333333333,0.333333333,0.333333333,0.333333333,0.333333333,0.333333333,-0.28812499,-0.28812499,-0.28812499,-0.28812499,-0.28812499,-0.28812499,-0.28812499,-0.28812499
85,5,23,13,18,59,744.8,21.09038765,0.145222792,29.88939,-82.9105,Suwannee River,8/19/2014,2,3,1,1,0,0,NA,NA,NA,NA,NA,0.666666667,0.666666667,0.666666667,0.666666667,0.666666667,0.666666667,0.666666667,0.666666667,1.661969515,1.661969515,1.661969515,1.661969515,1.661969515,1.661969515,1.661969515,1.661969515
86,5,11,4,2,22,614.2,17.39220743,-0.018485242,30.28771,-83.23125,Suwannee River,8/6/2014,1,2,0,0,0,NA,NA,NA,NA,NA,NA,0.5,0.5,0.5,0.5,0.5,0.5,0.5,0.5,0.686922263,0.686922263,0.686922263,0.686922263,0.686922263,0.686922263,0.686922263,0.686922263
87,7,14,5,2,28,845.2,23.93339908,0.271074909,29.83428,-82.68981,Santa Fe River,9/2/2014,1,2,0,0,0,NA,NA,NA,NA,NA,NA,0.5,0.5,0.5,0.5,0.5,0.5,0.5,0.5,0.686922263,0.686922263,0.686922263,0.686922263,0.686922263,0.686922263,0.686922263,0.686922263
88,7,15,7,2,31,857.2,24.27320125,0.286116995,29.83826,-82.70448,Santa Fe River,9/2/2014,1,2,0,0,0,NA,NA,NA,NA,NA,NA,0.5,0.5,0.5,0.5,0.5,0.5,0.5,0.5,0.686922263,0.686922263,0.686922263,0.686922263,0.686922263,0.686922263,0.686922263,0.686922263
89,5,9,3,1,18,593.1,16.79472196,-0.044934243,29.85201,-82.71985,Santa Fe River,9/2/2014,0.33,2,0,0,0,NA,NA,NA,NA,NA,NA,0.165,0.165,0.165,0.165,0.165,0.165,0.165,0.165,-1.272922716,-1.272922716,-1.272922716,-1.272922716,-1.272922716,-1.272922716,-1.272922716,-1.272922716
90,16,77,52,34,179,850,24.06931995,0.277091744,29.83297,-82.67764,Santa Fe River,9/2/2014,1,3,0,0,0,0,NA,NA,NA,NA,NA,0.333333333,0.333333333,0.333333333,0.333333333,0.333333333,0.333333333,0.333333333,0.333333333,-0.28812499,-0.28812499,-0.28812499,-0.28812499,-0.28812499,-0.28812499,-0.28812499,-0.28812499
91,16,80,52,34,182,2455.4,69.52918612,2.289472119,29.81099,-82.93382,Suwannee River,9/3/2014,1,3,0,0,0,0,NA,NA,NA,NA,NA,0.333333333,0.333333333,0.333333333,0.333333333,0.333333333,0.333333333,0.333333333,0.333333333,-0.28812499,-0.28812499,-0.28812499,-0.28812499,-0.28812499,-0.28812499,-0.28812499,-0.28812499
92,16,78,52,34,180,2435.4,68.96284918,2.264401976,29.73046,-82.94718,Suwannee River,9/3/2014,1,3,0,0,0,0,NA,NA,NA,NA,NA,0.333333333,0.333333333,0.333333333,0.333333333,0.333333333,0.333333333,0.333333333,0.333333333,-0.28812499,-0.28812499,-0.28812499,-0.28812499,-0.28812499,-0.28812499,-0.28812499,-0.28812499
93,16,78,52,34,180,2435.4,68.96284918,2.264401976,29.79861,-82.92369,Suwannee River,9/3/2014,0.5,3,0,0,0,0,NA,NA,NA,NA,NA,0.166666667,0.166666667,0.166666667,0.166666667,0.166666667,0.166666667,0.166666667,0.166666667,-1.263172243,-1.263172243,-1.263172243,-1.263172243,-1.263172243,-1.263172243,-1.263172243,-1.263172243
94,16,80,52,34,182,2455.4,69.52918612,2.289472119,29.80035,-82.92941,Suwannee River,9/3/2014,0.25,3,0,0,0,0,NA,NA,NA,NA,NA,0.083333333,0.083333333,0.083333333,0.083333333,0.083333333,0.083333333,0.083333333,0.083333333,-1.75069587,-1.75069587,-1.75069587,-1.75069587,-1.75069587,-1.75069587,-1.75069587,-1.75069587
95,16,83,55,34,188,2488.4,70.46364207,2.330837855,29.73913,-82.9413,Suwannee River,9/3/2014,1.5,3,0,0,0,0,NA,NA,NA,NA,NA,0.5,0.5,0.5,0.5,0.5,0.5,0.5,0.5,0.686922263,0.686922263,0.686922263,0.686922263,0.686922263,0.686922263,0.686922263,0.686922263
96,16,84,55,34,189,2498.4,70.74681054,2.343372927,29.66665,-82.95676,Suwannee River,9/4/2014,1,3,0,0,0,0,NA,NA,NA,NA,NA,0.333333333,0.333333333,0.333333333,0.333333333,0.333333333,0.333333333,0.333333333,0.333333333,-0.28812499,-0.28812499,-0.28812499,-0.28812499,-0.28812499,-0.28812499,-0.28812499,-0.28812499
97,16,84,55,34,189,2498.4,70.74681054,2.343372927,29.65733,-82.95642,Suwannee River,9/4/2014,1,3,0,0,0,0,NA,NA,NA,NA,NA,0.333333333,0.333333333,0.333333333,0.333333333,0.333333333,0.333333333,0.333333333,0.333333333,-0.28812499,-0.28812499,-0.28812499,-0.28812499,-0.28812499,-0.28812499,-0.28812499,-0.28812499
98,0,0,0,0,0,0,0,-0.788389332,29.64399,-82.9569,Suwannee River,9/4/2014,0.17,5,0,0,0,0,0,0,NA,NA,NA,0.034,0.034,0.034,0.034,0.034,0.034,0.034,0.034,-2.039309856,-2.039309856,-2.039309856,-2.039309856,-2.039309856,-2.039309856,-2.039309856,-2.039309856
99,6,37,30,36,99,1003.6,28.41878765,0.469630441,30.84583,-83.35155,Withlacoochee River,9/15/2015,1,3,2,0,1,1,NA,NA,NA,NA,NA,0.333333333,0.333333333,0.333333333,0.333333333,0.333333333,0.333333333,0.333333333,0.333333333,-0.28812499,-0.28812499,-0.28812499,-0.28812499,-0.28812499,-0.28812499,-0.28812499,-0.28812499
100,6,37,30,36,99,1003.6,28.41878765,0.469630441,30.00841,-82.99902,Suwannee River,5/28/2015,1,2,2,1,1,NA,NA,NA,NA,NA,NA,0.5,0.5,0.5,0.5,0.5,0.5,0.5,0.5,0.686922263,0.686922263,0.686922263,0.686922263,0.686922263,0.686922263,0.686922263,0.686922263
101,7,39,30,26,102,1122.6,31.78849244,0.618797792,30.00782,-82.99974,Suwannee River,7/28/2016,1,3,0,0,0,0,NA,NA,NA,NA,NA,0.333333333,0.333333333,0.333333333,0.333333333,0.333333333,0.333333333,0.333333333,0.333333333,-0.28812499,-0.28812499,-0.28812499,-0.28812499,-0.28812499,-0.28812499,-0.28812499,-0.28812499
102,7,43,31,26,107,1163.6,32.94948317,0.670191585,29.9947,-82.96487,Suwannee River,5/28/2015,1,3,4,1,1,0,NA,NA,NA,NA,NA,0.333333333,0.333333333,0.333333333,0.333333333,0.333333333,0.333333333,0.333333333,0.333333333,-0.28812499,-0.28812499,-0.28812499,-0.28812499,-0.28812499,-0.28812499,-0.28812499,-0.28812499
103,0,0,0,0,0,0,0,-0.788389332,29.9239,-82.92542,Suwannee River,5/28/2015,1.5,3,0,0,0,0,NA,NA,NA,NA,NA,0.5,0.5,0.5,0.5,0.5,0.5,0.5,0.5,0.686922263,0.686922263,0.686922263,0.686922263,0.686922263,0.686922263,0.686922263,0.686922263
104,0,6,6,7,19,66.7,1.888733695,-0.704780406,30.49996,-83.24249,Withlacoochee River,6/2/2015,1,3,0,0,0,0,NA,NA,NA,NA,NA,0.333333333,0.333333333,0.333333333,0.333333333,0.333333333,0.333333333,0.333333333,0.333333333,-0.28812499,-0.28812499,-0.28812499,-0.28812499,-0.28812499,-0.28812499,-0.28812499,-0.28812499
105,1,8,7,7,23,187.7,5.315072182,-0.553106041,30.42905,-83.05036,Suwannee River,6/3/2015,1,3,0,0,0,0,NA,NA,NA,NA,NA,0.333333333,0.333333333,0.333333333,0.333333333,0.333333333,0.333333333,0.333333333,0.333333333,-0.28812499,-0.28812499,-0.28812499,-0.28812499,-0.28812499,-0.28812499,-0.28812499,-0.28812499
106,1,8,7,7,23,187.7,5.315072182,-0.553106041,30.42528,-83.07541,Suwannee River,6/3/2015,1,3,0,0,0,0,NA,NA,NA,NA,NA,0.333333333,0.333333333,0.333333333,0.333333333,0.333333333,0.333333333,0.333333333,0.333333333,-0.28812499,-0.28812499,-0.28812499,-0.28812499,-0.28812499,-0.28812499,-0.28812499,-0.28812499
107,1,8,8,7,24,188.7,5.343389029,-0.551852534,30.43377,-83.07813,Suwannee River,6/3/2015,1,3,0,0,0,0,NA,NA,NA,NA,NA,0.333333333,0.333333333,0.333333333,0.333333333,0.333333333,0.333333333,0.333333333,0.333333333,-0.28812499,-0.28812499,-0.28812499,-0.28812499,-0.28812499,-0.28812499,-0.28812499,-0.28812499
108,0,6,6,7,19,66.7,1.888733695,-0.704780406,30.44141,-83.08066,Suwannee River,6/3/2015,0.5,3,0,0,0,0,NA,NA,NA,NA,NA,0.166666667,0.166666667,0.166666667,0.166666667,0.166666667,0.166666667,0.166666667,0.166666667,-1.263172243,-1.263172243,-1.263172243,-1.263172243,-1.263172243,-1.263172243,-1.263172243,-1.263172243
109,1,8,6,7,22,186.7,5.286755335,-0.554359548,30.42965,-83.04305,Suwannee River,6/3/2015,0.5,3,0,0,0,0,NA,NA,NA,NA,NA,0.166666667,0.166666667,0.166666667,0.166666667,0.166666667,0.166666667,0.166666667,0.166666667,-1.263172243,-1.263172243,-1.263172243,-1.263172243,-1.263172243,-1.263172243,-1.263172243,-1.263172243
110,0,6,4,6,16,64.6,1.829268316,-0.707412771,30.4279,-83.06206,Suwannee River,6/3/2015,1,3,0,0,0,0,NA,NA,NA,NA,NA,0.333333333,0.333333333,0.333333333,0.333333333,0.333333333,0.333333333,0.333333333,0.333333333,-0.28812499,-0.28812499,-0.28812499,-0.28812499,-0.28812499,-0.28812499,-0.28812499,-0.28812499
111,0,5,4,5,14,54.5,1.543268161,-0.720073193,30.42558,-83.02075,Suwannee River,6/5/2015,1,3,0,0,0,0,NA,NA,NA,NA,NA,0.333333333,0.333333333,0.333333333,0.333333333,0.333333333,0.333333333,0.333333333,0.333333333,-0.28812499,-0.28812499,-0.28812499,-0.28812499,-0.28812499,-0.28812499,-0.28812499,-0.28812499
112,0,5,4,5,14,54.5,1.543268161,-0.720073193,30.43053,-82.99707,Suwannee River,6/5/2015,1,3,0,0,0,0,NA,NA,NA,NA,NA,0.333333333,0.333333333,0.333333333,0.333333333,0.333333333,0.333333333,0.333333333,0.333333333,-0.28812499,-0.28812499,-0.28812499,-0.28812499,-0.28812499,-0.28812499,-0.28812499,-0.28812499
113,0,5,4,5,14,54.5,1.543268161,-0.720073193,30.42569,-82.98747,Suwannee River,6/5/2015,1,3,0,0,0,0,NA,NA,NA,NA,NA,0.333333333,0.333333333,0.333333333,0.333333333,0.333333333,0.333333333,0.333333333,0.333333333,-0.28812499,-0.28812499,-0.28812499,-0.28812499,-0.28812499,-0.28812499,-0.28812499,-0.28812499
114,0,6,5,6,17,65.6,1.857585163,-0.706159263,30.41775,-82.97323,Suwannee River,6/5/2015,0.5,3,0,0,0,0,NA,NA,NA,NA,NA,0.166666667,0.166666667,0.166666667,0.166666667,0.166666667,0.166666667,0.166666667,0.166666667,-1.263172243,-1.263172243,-1.263172243,-1.263172243,-1.263172243,-1.263172243,-1.263172243,-1.263172243
115,0,0,0,0,0,0,0,-0.788389332,30.42765,-83.02641,Suwannee River,6/5/2015,1,3,0,0,0,0,NA,NA,NA,NA,NA,0.333333333,0.333333333,0.333333333,0.333333333,0.333333333,0.333333333,0.333333333,0.333333333,-0.28812499,-0.28812499,-0.28812499,-0.28812499,-0.28812499,-0.28812499,-0.28812499,-0.28812499
116,0,0,0,0,0,0,0,-0.788389332,30.58311,-83.04317,Alapaha River,6/9/2015,1,3,0,0,0,0,NA,NA,NA,NA,NA,0.333333333,0.333333333,0.333333333,0.333333333,0.333333333,0.333333333,0.333333333,0.333333333,-0.28812499,-0.28812499,-0.28812499,-0.28812499,-0.28812499,-0.28812499,-0.28812499,-0.28812499
117,0,0,0,0,0,0,0,-0.788389332,30.58696,-83.05485,Alapaha River,6/9/2015,1.5,3,0,0,0,0,NA,NA,NA,NA,NA,0.5,0.5,0.5,0.5,0.5,0.5,0.5,0.5,0.686922263,0.686922263,0.686922263,0.686922263,0.686922263,0.686922263,0.686922263,0.686922263
118,0,0,0,0,0,0,0,-0.788389332,30.58369,-83.05872,Alapaha River,6/9/2015,1,3,0,0,0,0,NA,NA,NA,NA,NA,0.333333333,0.333333333,0.333333333,0.333333333,0.333333333,0.333333333,0.333333333,0.333333333,-0.28812499,-0.28812499,-0.28812499,-0.28812499,-0.28812499,-0.28812499,-0.28812499,-0.28812499
119,0,0,0,0,0,0,0,-0.788389332,30.59396,-83.06565,Alapaha River,6/9/2015,0.25,3,0,0,0,0,NA,NA,NA,NA,NA,0.083333333,0.083333333,0.083333333,0.083333333,0.083333333,0.083333333,0.083333333,0.083333333,-1.75069587,-1.75069587,-1.75069587,-1.75069587,-1.75069587,-1.75069587,-1.75069587,-1.75069587
120,0,0,0,0,0,0,0,-0.788389332,30.5853,-83.05251,Alapaha River,6/9/2015,1,3,0,0,0,0,NA,NA,NA,NA,NA,0.333333333,0.333333333,0.333333333,0.333333333,0.333333333,0.333333333,0.333333333,0.333333333,-0.28812499,-0.28812499,-0.28812499,-0.28812499,-0.28812499,-0.28812499,-0.28812499,-0.28812499
121,0,0,0,0,0,0,0,-0.788389332,30.50909,-83.2425,Withlacoochee River,6/10/2015,1,3,0,0,0,0,NA,NA,NA,NA,NA,0.333333333,0.333333333,0.333333333,0.333333333,0.333333333,0.333333333,0.333333333,0.333333333,-0.28812499,-0.28812499,-0.28812499,-0.28812499,-0.28812499,-0.28812499,-0.28812499,-0.28812499
122,0,0,0,0,0,0,0,-0.788389332,30.51615,-83.24133,Withlacoochee River,6/10/2015,1,3,0,0,0,0,NA,NA,NA,NA,NA,0.333333333,0.333333333,0.333333333,0.333333333,0.333333333,0.333333333,0.333333333,0.333333333,-0.28812499,-0.28812499,-0.28812499,-0.28812499,-0.28812499,-0.28812499,-0.28812499,-0.28812499
123,0,0,0,0,0,0,0,-0.788389332,30.52623,-83.24398,Withlacoochee River,6/10/2015,1,5,0,0,0,0,0,0,NA,NA,NA,0.2,0.2,0.2,0.2,0.2,0.2,0.2,0.2,-1.068162793,-1.068162793,-1.068162793,-1.068162793,-1.068162793,-1.068162793,-1.068162793,-1.068162793
124,0,0,0,0,0,0,0,-0.788389332,30.5432,-83.24972,Withlacoochee River,6/10/2015,0.17,5,0,0,0,0,0,0,NA,NA,NA,0.034,0.034,0.034,0.034,0.034,0.034,0.034,0.034,-2.039309856,-2.039309856,-2.039309856,-2.039309856,-2.039309856,-2.039309856,-2.039309856,-2.039309856
125,0,0,0,0,0,0,0,-0.788389332,30.63674,-83.34046,Withlacoochee River,9/14/2015,2.08,5,0,0,0,0,0,0,NA,NA,NA,0.416,0.416,0.416,0.416,0.416,0.416,0.416,0.416,0.195498447,0.195498447,0.195498447,0.195498447,0.195498447,0.195498447,0.195498447,0.195498447
126,0,0,0,0,0,0,0,-0.788389332,30.6404,-83.32908,Withlacoochee River,9/14/2015,2.08,5,0,0,0,0,0,0,NA,NA,NA,0.416,0.416,0.416,0.416,0.416,0.416,0.416,0.416,0.195498447,0.195498447,0.195498447,0.195498447,0.195498447,0.195498447,0.195498447,0.195498447
127,0,0,0,0,0,0,0,-0.788389332,30.64063,-83.31918,Withlacoochee River,9/14/2015,2.08,5,0,0,0,0,0,0,NA,NA,NA,0.416,0.416,0.416,0.416,0.416,0.416,0.416,0.416,0.195498447,0.195498447,0.195498447,0.195498447,0.195498447,0.195498447,0.195498447,0.195498447
128,0,0,0,0,0,0,0,-0.788389332,30.676,-83.39468,Withlacoochee River,9/15/2015,2.08,5,0,0,0,0,0,0,NA,NA,NA,0.416,0.416,0.416,0.416,0.416,0.416,0.416,0.416,0.195498447,0.195498447,0.195498447,0.195498447,0.195498447,0.195498447,0.195498447,0.195498447
129,2,0,0,1,3,200.1,5.666201085,-0.537562552,30.84644,-83.34756,Little River,9/15/2015,1,2,0,0,0,NA,NA,NA,NA,NA,NA,0.5,0.5,0.5,0.5,0.5,0.5,0.5,0.5,0.686922263,0.686922263,0.686922263,0.686922263,0.686922263,0.686922263,0.686922263,0.686922263
130,2,0,0,1,3,200.1,5.666201085,-0.537562552,29.87316,-82.59061,Santa Fe River,4/14/2015,1,2,0,0,0,NA,NA,NA,NA,NA,NA,0.5,0.5,0.5,0.5,0.5,0.5,0.5,0.5,0.686922263,0.686922263,0.686922263,0.686922263,0.686922263,0.686922263,0.686922263,0.686922263
131,2,0,0,1,3,200.1,5.666201085,-0.537562552,29.86907,-82.5883,Santa Fe River,4/14/2015,1,2,0,0,0,NA,NA,NA,NA,NA,NA,0.5,0.5,0.5,0.5,0.5,0.5,0.5,0.5,0.686922263,0.686922263,0.686922263,0.686922263,0.686922263,0.686922263,0.686922263,0.686922263
132,2,0,0,1,3,200.1,5.666201085,-0.537562552,29.86584,-82.59126,Santa Fe River,4/14/2015,1,2,0,0,0,NA,NA,NA,NA,NA,NA,0.5,0.5,0.5,0.5,0.5,0.5,0.5,0.5,0.686922263,0.686922263,0.686922263,0.686922263,0.686922263,0.686922263,0.686922263,0.686922263
133,4,1,1,1,7,411.1,11.6410558,-0.273072544,29.85842,-82.60101,Santa Fe River,4/14/2015,1,2,0,0,0,NA,NA,NA,NA,NA,NA,0.5,0.5,0.5,0.5,0.5,0.5,0.5,0.5,0.686922263,0.686922263,0.686922263,0.686922263,0.686922263,0.686922263,0.686922263,0.686922263
134,5,2,1,1,9,521.1,14.75590897,-0.135186757,29.85296,-82.60803,Santa Fe River,4/14/2015,1,2,0,0,0,NA,NA,NA,NA,NA,NA,0.5,0.5,0.5,0.5,0.5,0.5,0.5,0.5,0.686922263,0.686922263,0.686922263,0.686922263,0.686922263,0.686922263,0.686922263,0.686922263
135,5,3,1,1,10,531.1,15.03907744,-0.122651686,29.83265,-82.63531,Santa Fe River,4/15/2015,1,2,0,0,0,NA,NA,NA,NA,NA,NA,0.5,0.5,0.5,0.5,0.5,0.5,0.5,0.5,0.686922263,0.686922263,0.686922263,0.686922263,0.686922263,0.686922263,0.686922263,0.686922263
136,5,5,1,1,12,551.1,15.60541438,-0.097581543,29.82704,-82.64425,Santa Fe River,4/15/2015,1,2,0,0,0,NA,NA,NA,NA,NA,NA,0.5,0.5,0.5,0.5,0.5,0.5,0.5,0.5,0.686922263,0.686922263,0.686922263,0.686922263,0.686922263,0.686922263,0.686922263,0.686922263
137,5,7,1,1,14,571.1,16.17175132,-0.0725114,29.82592,-82.65004,Santa Fe River,4/15/2015,1,2,1,1,0,NA,NA,NA,NA,NA,NA,0.5,0.5,0.5,0.5,0.5,0.5,0.5,0.5,0.686922263,0.686922263,0.686922263,0.686922263,0.686922263,0.686922263,0.686922263,0.686922263
138,5,8,2,1,16,582.1,16.48323664,-0.058722821,29.82991,-82.66094,Santa Fe River,4/15/2015,1,2,0,0,0,NA,NA,NA,NA,NA,NA,0.5,0.5,0.5,0.5,0.5,0.5,0.5,0.5,0.686922263,0.686922263,0.686922263,0.686922263,0.686922263,0.686922263,0.686922263,0.686922263
139,5,1,1,1,8,511.1,14.4727405,-0.147721829,29.83213,-82.67181,Santa Fe River,4/15/2015,1,2,0,0,0,NA,NA,NA,NA,NA,NA,0.5,0.5,0.5,0.5,0.5,0.5,0.5,0.5,0.686922263,0.686922263,0.686922263,0.686922263,0.686922263,0.686922263,0.686922263,0.686922263
140,5,1,1,1,8,511.1,14.4727405,-0.147721829,29.85808,-82.61705,Santa Fe River,4/16/2015,1,2,0,0,0,NA,NA,NA,NA,NA,NA,0.5,0.5,0.5,0.5,0.5,0.5,0.5,0.5,0.686922263,0.686922263,0.686922263,0.686922263,0.686922263,0.686922263,0.686922263,0.686922263
141,5,1,1,1,8,511.1,14.4727405,-0.147721829,29.85361,-82.62276,Santa Fe River,4/16/2015,1,2,0,0,0,NA,NA,NA,NA,NA,NA,0.5,0.5,0.5,0.5,0.5,0.5,0.5,0.5,0.686922263,0.686922263,0.686922263,0.686922263,0.686922263,0.686922263,0.686922263,0.686922263
142,5,1,1,1,8,511.1,14.4727405,-0.147721829,29.84878,-82.62192,Santa Fe River,4/16/2015,1,2,0,0,0,NA,NA,NA,NA,NA,NA,0.5,0.5,0.5,0.5,0.5,0.5,0.5,0.5,0.686922263,0.686922263,0.686922263,0.686922263,0.686922263,0.686922263,0.686922263,0.686922263
143,0,0,0,0,0,0,0,-0.788389332,29.84741,-82.6319,Santa Fe River,4/16/2015,1,2,0,0,0,NA,NA,NA,NA,NA,NA,0.5,0.5,0.5,0.5,0.5,0.5,0.5,0.5,0.686922263,0.686922263,0.686922263,0.686922263,0.686922263,0.686922263,0.686922263,0.686922263
144,1,0,0,1,2,100.1,2.834516385,-0.662913267,29.94024,-82.53013,Santa Fe River,4/29/2015,0.5,2,0,0,0,NA,NA,NA,NA,NA,NA,0.25,0.25,0.25,0.25,0.25,0.25,0.25,0.25,-0.775648617,-0.775648617,-0.775648617,-0.775648617,-0.775648617,-0.775648617,-0.775648617,-0.775648617
145,1,0,0,1,2,100.1,2.834516385,-0.662913267,29.92863,-82.53958,Santa Fe River,4/29/2015,1,2,0,0,0,NA,NA,NA,NA,NA,NA,0.5,0.5,0.5,0.5,0.5,0.5,0.5,0.5,0.686922263,0.686922263,0.686922263,0.686922263,0.686922263,0.686922263,0.686922263,0.686922263
146,0,0,0,0,0,0,0,-0.788389332,29.92796,-82.5499,Santa Fe River,4/29/2015,0.25,2,0,0,0,NA,NA,NA,NA,NA,NA,0.125,0.125,0.125,0.125,0.125,0.125,0.125,0.125,-1.506934056,-1.506934056,-1.506934056,-1.506934056,-1.506934056,-1.506934056,-1.506934056,-1.506934056
147,0,0,0,0,0,0,0,-0.788389332,29.94628,-82.5308,Santa Fe River,4/29/2015,0.2,2,0,0,0,NA,NA,NA,NA,NA,NA,0.1,0.1,0.1,0.1,0.1,0.1,0.1,0.1,-1.653191144,-1.653191144,-1.653191144,-1.653191144,-1.653191144,-1.653191144,-1.653191144,-1.653191144
148,0,0,0,0,0,0,0,-0.788389332,29.94416,-82.52967,Santa Fe River,4/29/2015,1,2,0,0,0,NA,NA,NA,NA,NA,NA,0.5,0.5,0.5,0.5,0.5,0.5,0.5,0.5,0.686922263,0.686922263,0.686922263,0.686922263,0.686922263,0.686922263,0.686922263,0.686922263
149,0,0,0,0,0,0,0,-0.788389332,29.87821,-82.33821,Santa Fe River,5/1/2015,0.5,2,0,0,0,NA,NA,NA,NA,NA,NA,0.25,0.25,0.25,0.25,0.25,0.25,0.25,0.25,-0.775648617,-0.775648617,-0.775648617,-0.775648617,-0.775648617,-0.775648617,-0.775648617,-0.775648617
150,0,0,0,0,0,0,0,-0.788389332,29.8772,-82.34714,Santa Fe River,5/1/2015,0.5,2,0,0,0,NA,NA,NA,NA,NA,NA,0.25,0.25,0.25,0.25,0.25,0.25,0.25,0.25,-0.775648617,-0.775648617,-0.775648617,-0.775648617,-0.775648617,-0.775648617,-0.775648617,-0.775648617
151,0,0,0,0,0,0,0,-0.788389332,29.88096,-82.36432,Santa Fe River,5/1/2015,0.66,2,0,0,0,NA,NA,NA,NA,NA,NA,0.33,0.33,0.33,0.33,0.33,0.33,0.33,0.33,-0.307625935,-0.307625935,-0.307625935,-0.307625935,-0.307625935,-0.307625935,-0.307625935,-0.307625935
152,0,0,0,0,0,0,0,-0.788389332,29.88039,-82.37589,Santa Fe River,5/1/2015,0.42,2,0,0,0,NA,NA,NA,NA,NA,NA,0.21,0.21,0.21,0.21,0.21,0.21,0.21,0.21,-1.009659957,-1.009659957,-1.009659957,-1.009659957,-1.009659957,-1.009659957,-1.009659957,-1.009659957
153,0,0,0,0,0,0,0,-0.788389332,29.87667,-82.34393,Santa Fe River,5/1/2015,0.5,2,0,0,0,NA,NA,NA,NA,NA,NA,0.25,0.25,0.25,0.25,0.25,0.25,0.25,0.25,-0.775648617,-0.775648617,-0.775648617,-0.775648617,-0.775648617,-0.775648617,-0.775648617,-0.775648617
154,0,0,0,0,0,0,0,-0.788389332,29.87786,-82.35134,Santa Fe River,5/1/2015,0.42,2,0,0,0,NA,NA,NA,NA,NA,NA,0.21,0.21,0.21,0.21,0.21,0.21,0.21,0.21,-1.009659957,-1.009659957,-1.009659957,-1.009659957,-1.009659957,-1.009659957,-1.009659957,-1.009659957
155,0,0,0,0,0,0,0,-0.788389332,29.87995,-82.3686,Santa Fe River,5/1/2015,0.33,2,0,0,0,NA,NA,NA,NA,NA,NA,0.165,0.165,0.165,0.165,0.165,0.165,0.165,0.165,-1.272922716,-1.272922716,-1.272922716,-1.272922716,-1.272922716,-1.272922716,-1.272922716,-1.272922716
156,1,6,1,0,8,161,4.559012367,-0.586574682,29.8816,-82.38141,Santa Fe River,5/1/2015,1,2,0,0,0,NA,NA,NA,NA,NA,NA,0.5,0.5,0.5,0.5,0.5,0.5,0.5,0.5,0.686922263,0.686922263,0.686922263,0.686922263,0.686922263,0.686922263,0.686922263,0.686922263
157,1,6,1,0,8,161,4.559012367,-0.586574682,29.94145,-82.79297,Ichetucknee River,5/18/2015,1,5,0,0,0,0,0,0,NA,NA,NA,0.2,0.2,0.2,0.2,0.2,0.2,0.2,0.2,-1.068162793,-1.068162793,-1.068162793,-1.068162793,-1.068162793,-1.068162793,-1.068162793,-1.068162793
158,1,6,1,0,8,161,4.559012367,-0.586574682,29.94219,-82.79149,Ichetucknee River,4/24/2016,1,5,0,0,0,0,0,0,NA,NA,NA,0.2,0.2,0.2,0.2,0.2,0.2,0.2,0.2,-1.068162793,-1.068162793,-1.068162793,-1.068162793,-1.068162793,-1.068162793,-1.068162793,-1.068162793
159,9,28,16,3,56,1196.3,33.87544407,0.711181269,29.94219,-82.79149,Ichetucknee River,4/24/2016,1,2,0,0,0,NA,NA,NA,NA,NA,NA,0.5,0.5,0.5,0.5,0.5,0.5,0.5,0.5,0.686922263,0.686922263,0.686922263,0.686922263,0.686922263,0.686922263,0.686922263,0.686922263
160,9,28,17,3,57,1197.3,33.90376091,0.712434776,29.93202,-82.80101,Santa Fe River,5/18/2015,1,2,0,0,0,NA,NA,NA,NA,NA,NA,0.5,0.5,0.5,0.5,0.5,0.5,0.5,0.5,0.686922263,0.686922263,0.686922263,0.686922263,0.686922263,0.686922263,0.686922263,0.686922263
161,9,28,17,4,58,1197.4,33.9065926,0.712560127,29.92939,-82.81454,Santa Fe River,5/18/2015,1,2,0,0,0,NA,NA,NA,NA,NA,NA,0.5,0.5,0.5,0.5,0.5,0.5,0.5,0.5,0.686922263,0.686922263,0.686922263,0.686922263,0.686922263,0.686922263,0.686922263,0.686922263
162,9,28,18,6,61,1198.6,33.94057281,0.714064335,29.91959,-82.82569,Santa Fe River,5/18/2015,1,2,0,0,0,NA,NA,NA,NA,NA,NA,0.5,0.5,0.5,0.5,0.5,0.5,0.5,0.5,0.686922263,0.686922263,0.686922263,0.686922263,0.686922263,0.686922263,0.686922263,0.686922263
163,1,6,1,0,8,161,4.559012367,-0.586574682,29.91377,-82.83996,Santa Fe River,5/18/2015,0.17,2,0,0,0,NA,NA,NA,NA,NA,NA,0.085,0.085,0.085,0.085,0.085,0.085,0.085,0.085,-1.740945397,-1.740945397,-1.740945397,-1.740945397,-1.740945397,-1.740945397,-1.740945397,-1.740945397
164,8,21,10,3,42,1020.3,28.89167899,0.490564011,29.93314,-82.79926,Santa Fe River,5/18/2015,1,2,0,0,0,NA,NA,NA,NA,NA,NA,0.5,0.5,0.5,0.5,0.5,0.5,0.5,0.5,0.686922263,0.686922263,0.686922263,0.686922263,0.686922263,0.686922263,0.686922263,0.686922263
165,8,21,10,3,42,1020.3,28.89167899,0.490564011,29.91335,-82.77389,Santa Fe River,5/19/2015,1,2,0,0,0,NA,NA,NA,NA,NA,NA,0.5,0.5,0.5,0.5,0.5,0.5,0.5,0.5,0.686922263,0.686922263,0.686922263,0.686922263,0.686922263,0.686922263,0.686922263,0.686922263
166,8,20,10,3,41,1010.3,28.60851052,0.478028939,29.90452,-82.76701,Santa Fe River,5/19/2015,1,2,0,0,0,NA,NA,NA,NA,NA,NA,0.5,0.5,0.5,0.5,0.5,0.5,0.5,0.5,0.686922263,0.686922263,0.686922263,0.686922263,0.686922263,0.686922263,0.686922263,0.686922263
167,8,20,9,2,39,1009.2,28.57736199,0.476650082,29.89882,-82.75863,Santa Fe River,5/19/2015,1,2,0,0,0,NA,NA,NA,NA,NA,NA,0.5,0.5,0.5,0.5,0.5,0.5,0.5,0.5,0.686922263,0.686922263,0.686922263,0.686922263,0.686922263,0.686922263,0.686922263,0.686922263
168,8,20,8,2,38,1008.2,28.54904515,0.475396574,29.87873,-82.75135,Santa Fe River,5/19/2015,1,2,0,0,0,NA,NA,NA,NA,NA,NA,0.5,0.5,0.5,0.5,0.5,0.5,0.5,0.5,0.686922263,0.686922263,0.686922263,0.686922263,0.686922263,0.686922263,0.686922263,0.686922263
169,8,20,8,2,38,1008.2,28.54904515,0.475396574,29.86878,-82.74462,Santa Fe River,9/2/2014,1,2,0,0,0,NA,NA,NA,NA,NA,NA,0.5,0.5,0.5,0.5,0.5,0.5,0.5,0.5,0.686922263,0.686922263,0.686922263,0.686922263,0.686922263,0.686922263,0.686922263,0.686922263
170,8,22,14,3,47,1034.3,29.28811485,0.508113111,29.87073,-82.7454,Santa Fe River,5/19/2015,1,2,0,0,0,NA,NA,NA,NA,NA,NA,0.5,0.5,0.5,0.5,0.5,0.5,0.5,0.5,0.686922263,0.686922263,0.686922263,0.686922263,0.686922263,0.686922263,0.686922263,0.686922263
171,8,22,14,3,47,1034.3,29.28811485,0.508113111,29.93444,-82.79325,Santa Fe River,5/22/2015,1,2,0,0,0,NA,NA,NA,NA,NA,NA,0.5,0.5,0.5,0.5,0.5,0.5,0.5,0.5,0.686922263,0.686922263,0.686922263,0.686922263,0.686922263,0.686922263,0.686922263,0.686922263
172,8,21,13,3,45,1023.3,28.97662954,0.494324532,29.92914,-82.78269,Santa Fe River,5/22/2015,1,2,0,0,0,NA,NA,NA,NA,NA,NA,0.5,0.5,0.5,0.5,0.5,0.5,0.5,0.5,0.686922263,0.686922263,0.686922263,0.686922263,0.686922263,0.686922263,0.686922263,0.686922263
173,8,21,11,3,43,1021.3,28.91999584,0.491817518,29.92808,-82.7728,Santa Fe River,5/22/2015,1,2,0,0,0,NA,NA,NA,NA,NA,NA,0.5,0.5,0.5,0.5,0.5,0.5,0.5,0.5,0.686922263,0.686922263,0.686922263,0.686922263,0.686922263,0.686922263,0.686922263,0.686922263
174,8,21,10,3,42,1020.3,28.89167899,0.490564011,29.92336,-82.77152,Santa Fe River,5/22/2015,1,2,0,0,0,NA,NA,NA,NA,NA,NA,0.5,0.5,0.5,0.5,0.5,0.5,0.5,0.5,0.686922263,0.686922263,0.686922263,0.686922263,0.686922263,0.686922263,0.686922263,0.686922263
175,9,29,20,7,65,1210.7,34.28320666,0.729231772,29.91724,-82.77236,Santa Fe River,5/22/2015,1,3,0,0,0,0,NA,NA,NA,NA,NA,0.333333333,0.333333333,0.333333333,0.333333333,0.333333333,0.333333333,0.333333333,0.333333333,-0.28812499,-0.28812499,-0.28812499,-0.28812499,-0.28812499,-0.28812499,-0.28812499,-0.28812499
176,0,0,0,0,0,0,0,-0.788389332,29.89844,-82.86874,Santa Fe River,5/28/2015,1,3,0,0,0,0,NA,NA,NA,NA,NA,0.333333333,0.333333333,0.333333333,0.333333333,0.333333333,0.333333333,0.333333333,0.333333333,-0.28812499,-0.28812499,-0.28812499,-0.28812499,-0.28812499,-0.28812499,-0.28812499,-0.28812499
177,0,0,0,0,0,0,0,-0.788389332,29.92745,-82.45607,Santa Fe River,3/23/2016,1,3,0,0,0,0,NA,NA,NA,NA,NA,0.333333333,0.333333333,0.333333333,0.333333333,0.333333333,0.333333333,0.333333333,0.333333333,-0.28812499,-0.28812499,-0.28812499,-0.28812499,-0.28812499,-0.28812499,-0.28812499,-0.28812499
178,0,0,0,0,0,0,0,-0.788389332,29.92867,-82.45052,Santa Fe River,3/23/2016,1.25,3,0,0,0,0,NA,NA,NA,NA,NA,0.416666667,0.416666667,0.416666667,0.416666667,0.416666667,0.416666667,0.416666667,0.416666667,0.199398636,0.199398636,0.199398636,0.199398636,0.199398636,0.199398636,0.199398636,0.199398636
179,0,0,0,0,0,0,0,-0.788389332,29.93057,-82.43948,Santa Fe River,3/23/2016,1,3,0,0,0,0,NA,NA,NA,NA,NA,0.333333333,0.333333333,0.333333333,0.333333333,0.333333333,0.333333333,0.333333333,0.333333333,-0.28812499,-0.28812499,-0.28812499,-0.28812499,-0.28812499,-0.28812499,-0.28812499,-0.28812499
180,0,0,0,0,0,0,0,-0.788389332,29.93143,-82.45988,Santa Fe River,3/23/2016,1.5,3,0,0,0,0,NA,NA,NA,NA,NA,0.5,0.5,0.5,0.5,0.5,0.5,0.5,0.5,0.686922263,0.686922263,0.686922263,0.686922263,0.686922263,0.686922263,0.686922263,0.686922263
181,0,0,0,0,0,0,0,-0.788389332,29.92677,-82.31442,Unnamed Creek,3/24/2016,2.5,5,0,0,0,0,0,0,NA,NA,NA,0.5,0.5,0.5,0.5,0.5,0.5,0.5,0.5,0.686922263,0.686922263,0.686922263,0.686922263,0.686922263,0.686922263,0.686922263,0.686922263
182,0,0,0,0,0,0,0,-0.788389332,29.94377,-82.34765,New River,4/23/2016,3.33,5,0,0,0,0,0,0,NA,NA,NA,0.666,0.666,0.666,0.666,0.666,0.666,0.666,0.666,1.658069326,1.658069326,1.658069326,1.658069326,1.658069326,1.658069326,1.658069326,1.658069326
183,0,0,0,0,0,0,0,-0.788389332,29.94571,-82.3457,New River,4/23/2016,1,2,0,0,0,NA,NA,NA,NA,NA,NA,0.5,0.5,0.5,0.5,0.5,0.5,0.5,0.5,0.686922263,0.686922263,0.686922263,0.686922263,0.686922263,0.686922263,0.686922263,0.686922263
184,0,0,0,0,0,0,0,-0.788389332,29.93915,-82.35204,New River ,5/24/2016,1,2,0,0,0,NA,NA,NA,NA,NA,NA,0.5,0.5,0.5,0.5,0.5,0.5,0.5,0.5,0.686922263,0.686922263,0.686922263,0.686922263,0.686922263,0.686922263,0.686922263,0.686922263
185,0,0,0,0,0,0,0,-0.788389332,29.95671,-82.34515,New River ,5/24/2016,1,2,0,0,0,NA,NA,NA,NA,NA,NA,0.5,0.5,0.5,0.5,0.5,0.5,0.5,0.5,0.686922263,0.686922263,0.686922263,0.686922263,0.686922263,0.686922263,0.686922263,0.686922263
186,0,0,0,0,0,0,0,-0.788389332,29.95429,-82.34488,New River ,5/24/2016,5,5,0,0,0,0,0,0,NA,NA,NA,1,1,1,1,1,1,1,1,3.612064021,3.612064021,3.612064021,3.612064021,3.612064021,3.612064021,3.612064021,3.612064021
187,0,0,0,0,0,0,0,-0.788389332,29.95118,-82.34407,New River,4/23/2016,1,2,0,0,0,NA,NA,NA,NA,NA,NA,0.5,0.5,0.5,0.5,0.5,0.5,0.5,0.5,0.686922263,0.686922263,0.686922263,0.686922263,0.686922263,0.686922263,0.686922263,0.686922263
188,0,0,0,0,0,0,0,-0.788389332,29.95125,-82.34406,New River ,5/24/2016,1,2,0,0,0,NA,NA,NA,NA,NA,NA,0.5,0.5,0.5,0.5,0.5,0.5,0.5,0.5,0.686922263,0.686922263,0.686922263,0.686922263,0.686922263,0.686922263,0.686922263,0.686922263
189,0,0,0,0,0,0,0,-0.788389332,29.93641,-82.35429,New River ,5/25/2016,1,3,0,0,0,0,NA,NA,NA,NA,NA,0.333333333,0.333333333,0.333333333,0.333333333,0.333333333,0.333333333,0.333333333,0.333333333,-0.28812499,-0.28812499,-0.28812499,-0.28812499,-0.28812499,-0.28812499,-0.28812499,-0.28812499
190,0,0,0,0,0,0,0,-0.788389332,29.92881,-82.43383,Santa Fe River,3/23/2016,1.33,2,0,0,0,NA,NA,NA,NA,NA,NA,0.665,0.665,0.665,0.665,0.665,0.665,0.665,0.665,1.652219043,1.652219043,1.652219043,1.652219043,1.652219043,1.652219043,1.652219043,1.652219043
191,0,0,0,0,0,0,0,-0.788389332,29.92881,-82.43383,Santa Fe River,5/25/2016,1,2,0,0,0,NA,NA,NA,NA,NA,NA,0.5,0.5,0.5,0.5,0.5,0.5,0.5,0.5,0.686922263,0.686922263,0.686922263,0.686922263,0.686922263,0.686922263,0.686922263,0.686922263
192,16,82,54,34,186,0,0,-0.788389332,29.9271,-82.43088,Santa Fe River,5/25/2016,1.1,4,0,0,0,0,0,NA,NA,NA,NA,0.275,0.275,0.275,0.275,0.275,0.275,0.275,0.275,-0.629391529,-0.629391529,-0.629391529,-0.629391529,-0.629391529,-0.629391529,-0.629391529,-0.629391529
193,16,82,54,34,186,2477.4,70.15215676,2.317049276,29.67265,-82.95681,Suwannee River,5/5/2016,1,4,0,0,0,0,0,NA,NA,NA,NA,0.25,0.25,0.25,0.25,0.25,0.25,0.25,0.25,-0.775648617,-0.775648617,-0.775648617,-0.775648617,-0.775648617,-0.775648617,-0.775648617,-0.775648617
194,16,86,57,34,192,2520.4,71.36978118,2.370950084,29.67286,-82.95679,Suwannee River,5/5/2016,1,4,0,0,0,0,0,NA,NA,NA,NA,0.25,0.25,0.25,0.25,0.25,0.25,0.25,0.25,-0.775648617,-0.775648617,-0.775648617,-0.775648617,-0.775648617,-0.775648617,-0.775648617,-0.775648617
195,7,41,31,26,105,1143.6,32.38314623,0.645121442,29.5938,-82.93897,Suwannee River,5/5/2016,1,3,1,0,1,0,NA,NA,NA,NA,NA,0.333333333,0.333333333,0.333333333,0.333333333,0.333333333,0.333333333,0.333333333,0.333333333,-0.28812499,-0.28812499,-0.28812499,-0.28812499,-0.28812499,-0.28812499,-0.28812499,-0.28812499
196,7,41,31,26,105,1143.6,32.38314623,0.645121442,29.95411,-82.9285,Suwannee River,7/28/2016,4.5,4,3,0,1,1,1,NA,NA,NA,NA,1.125,1.125,1.125,1.125,1.125,1.125,1.125,1.125,4.343349461,4.343349461,4.343349461,4.343349461,4.343349461,4.343349461,4.343349461,4.343349461
197,16,82,52,34,184,2475.4,70.09552306,2.314542262,29.95457,-82.92887,Suwannee River,12/4/2014,1,3,0,0,0,0,NA,NA,NA,NA,NA,0.333333333,0.333333333,0.333333333,0.333333333,0.333333333,0.333333333,0.333333333,0.333333333,-0.28812499,-0.28812499,-0.28812499,-0.28812499,-0.28812499,-0.28812499,-0.28812499,-0.28812499
198,0,0,0,0,0,0,0,-0.788389332,29.7023,-82.93827,Suwannee River,9/4/2014,0.5,2,0,0,0,NA,NA,NA,NA,NA,NA,0.25,0.25,0.25,0.25,0.25,0.25,0.25,0.25,-0.775648617,-0.775648617,-0.775648617,-0.775648617,-0.775648617,-0.775648617,-0.775648617,-0.775648617
199,17,87,57,34,195,0,0,-0.788389332,29.92173,-82.42613,Santa Fe River,5/25/2016,0.66,3,0,0,0,0,NA,NA,NA,NA,NA,0.22,0.22,0.22,0.22,0.22,0.22,0.22,0.22,-0.951157122,-0.951157122,-0.951157122,-0.951157122,-0.951157122,-0.951157122,-0.951157122,-0.951157122
200,7,37,30,26,100,1102.6,31.2221555,0.593727649,29.58682,-82.93843,Suwannee River,5/5/2016,1,3,1,0,1,0,NA,NA,NA,NA,NA,0.333333333,0.333333333,0.333333333,0.333333333,0.333333333,0.333333333,0.333333333,0.333333333,-0.28812499,-0.28812499,-0.28812499,-0.28812499,-0.28812499,-0.28812499,-0.28812499,-0.28812499
201,7,39,30,26,102,1122.6,31.78849244,0.618797792,30.00312,-82.97694,Suwannee River,7/28/2016,1,3,0,0,0,0,NA,NA,NA,NA,NA,0.333333333,0.333333333,0.333333333,0.333333333,0.333333333,0.333333333,0.333333333,0.333333333,-0.28812499,-0.28812499,-0.28812499,-0.28812499,-0.28812499,-0.28812499,-0.28812499,-0.28812499
202,0,0,0,0,0,0,0,-0.788389332,29.97786,-82.96154,Suwannee River,7/28/2016,1.2,3,0,0,0,0,NA,NA,NA,NA,NA,0.4,0.4,0.4,0.4,0.4,0.4,0.4,0.4,0.101893911,0.101893911,0.101893911,0.101893911,0.101893911,0.101893911,0.101893911,0.101893911
203,0,0,0,0,0,0,0,-0.788389332,29.92612,-82.41421,New River,11/3/2015,1,3,0,0,0,0,NA,NA,NA,NA,NA,0.333333333,0.333333333,0.333333333,0.333333333,0.333333333,0.333333333,0.333333333,0.333333333,-0.28812499,-0.28812499,-0.28812499,-0.28812499,-0.28812499,-0.28812499,-0.28812499,-0.28812499
204,0,0,0,0,0,0,0,-0.788389332,29.92535,-82.41613,New River,11/3/2015,1,3,0,0,0,0,NA,NA,NA,NA,NA,0.333333333,0.333333333,0.333333333,0.333333333,0.333333333,0.333333333,0.333333333,0.333333333,-0.28812499,-0.28812499,-0.28812499,-0.28812499,-0.28812499,-0.28812499,-0.28812499,-0.28812499
205,0,0,0,0,0,0,0,-0.788389332,29.92365,-82.41843,New River,11/3/2015,1,3,0,0,0,0,NA,NA,NA,NA,NA,0.333333333,0.333333333,0.333333333,0.333333333,0.333333333,0.333333333,0.333333333,0.333333333,-0.28812499,-0.28812499,-0.28812499,-0.28812499,-0.28812499,-0.28812499,-0.28812499,-0.28812499
206,0,0,0,0,0,0,0,-0.788389332,29.92202,-82.41502,Santa Fe,11/3/2015,1,3,0,0,0,0,NA,NA,NA,NA,NA,0.333333333,0.333333333,0.333333333,0.333333333,0.333333333,0.333333333,0.333333333,0.333333333,-0.28812499,-0.28812499,-0.28812499,-0.28812499,-0.28812499,-0.28812499,-0.28812499,-0.28812499
207,0,0,0,0,0,0,0,-0.788389332,29.92228,-82.41702,Santa Fe,11/3/2015,1,3,0,0,0,0,NA,NA,NA,NA,NA,0.333333333,0.333333333,0.333333333,0.333333333,0.333333333,0.333333333,0.333333333,0.333333333,-0.28812499,-0.28812499,-0.28812499,-0.28812499,-0.28812499,-0.28812499,-0.28812499,-0.28812499
208,0,0,0,0,0,0,0,-0.788389332,29.92217,-82.41988,Santa Fe,11/3/2015,0.6,3,0,0,0,0,NA,NA,NA,NA,NA,0.2,0.2,0.2,0.2,0.2,0.2,0.2,0.2,-1.068162793,-1.068162793,-1.068162793,-1.068162793,-1.068162793,-1.068162793,-1.068162793,-1.068162793
209,0,0,0,0,0,0,0,-0.788389332,29.92246,-82.41381,Santa Fe,11/3/2015,1.5,3,0,0,0,0,NA,NA,NA,NA,NA,0.5,0.5,0.5,0.5,0.5,0.5,0.5,0.5,0.686922263,0.686922263,0.686922263,0.686922263,0.686922263,0.686922263,0.686922263,0.686922263
210,0,0,0,0,0,0,0,-0.788389332,29.92535,-82.41613,New River,11/5/2015,1,3,0,0,0,0,NA,NA,NA,NA,NA,0.333333333,0.333333333,0.333333333,0.333333333,0.333333333,0.333333333,0.333333333,0.333333333,-0.28812499,-0.28812499,-0.28812499,-0.28812499,-0.28812499,-0.28812499,-0.28812499,-0.28812499
211,0,0,0,0,0,0,0,-0.788389332,29.92029,-82.41189,Santa Fe,11/5/2015,1,3,0,0,0,0,NA,NA,NA,NA,NA,0.333333333,0.333333333,0.333333333,0.333333333,0.333333333,0.333333333,0.333333333,0.333333333,-0.28812499,-0.28812499,-0.28812499,-0.28812499,-0.28812499,-0.28812499,-0.28812499,-0.28812499
212,0,0,0,0,0,0,0,-0.788389332,29.92044,-82.42156,Santa Fe,11/5/2015,1,3,0,0,0,0,NA,NA,NA,NA,NA,0.333333333,0.333333333,0.333333333,0.333333333,0.333333333,0.333333333,0.333333333,0.333333333,-0.28812499,-0.28812499,-0.28812499,-0.28812499,-0.28812499,-0.28812499,-0.28812499,-0.28812499
213,0,0,0,0,0,0,0,-0.788389332,29.92063,-82.42406,Santa Fe,11/5/2015,0.5,3,0,0,0,0,NA,NA,NA,NA,NA,0.166666667,0.166666667,0.166666667,0.166666667,0.166666667,0.166666667,0.166666667,0.166666667,-1.263172243,-1.263172243,-1.263172243,-1.263172243,-1.263172243,-1.263172243,-1.263172243,-1.263172243
214,0,0,0,0,0,0,0,-0.788389332,29.92195,-82.41248,Santa Fe,11/5/2015,0.5,3,0,0,0,0,NA,NA,NA,NA,NA,0.166666667,0.166666667,0.166666667,0.166666667,0.166666667,0.166666667,0.166666667,0.166666667,-1.263172243,-1.263172243,-1.263172243,-1.263172243,-1.263172243,-1.263172243,-1.263172243,-1.263172243
215,1,0,0,1,2,100.1,2.834516385,-0.662913267,29.92226,-82.41287,Santa Fe,11/5/2015,1,3,0,0,0,0,NA,NA,NA,NA,NA,0.333333333,0.333333333,0.333333333,0.333333333,0.333333333,0.333333333,0.333333333,0.333333333,-0.28812499,-0.28812499,-0.28812499,-0.28812499,-0.28812499,-0.28812499,-0.28812499,-0.28812499
216,1,0,0,1,2,100.1,2.834516385,-0.662913267,29.91404,-82.57936,Santa Fe,11/4/2015,1,3,0,0,0,0,NA,NA,NA,NA,NA,0.333333333,0.333333333,0.333333333,0.333333333,0.333333333,0.333333333,0.333333333,0.333333333,-0.28812499,-0.28812499,-0.28812499,-0.28812499,-0.28812499,-0.28812499,-0.28812499,-0.28812499
217,1,0,0,1,2,100.1,2.834516385,-0.662913267,29.91758,-82.57431,Santa Fe,11/4/2015,1,3,0,0,0,0,NA,NA,NA,NA,NA,0.333333333,0.333333333,0.333333333,0.333333333,0.333333333,0.333333333,0.333333333,0.333333333,-0.28812499,-0.28812499,-0.28812499,-0.28812499,-0.28812499,-0.28812499,-0.28812499,-0.28812499
218,1,0,0,1,2,100.1,2.834516385,-0.662913267,29.91735,-82.57003,Santa Fe,11/4/2015,1,3,0,0,0,0,NA,NA,NA,NA,NA,0.333333333,0.333333333,0.333333333,0.333333333,0.333333333,0.333333333,0.333333333,0.333333333,-0.28812499,-0.28812499,-0.28812499,-0.28812499,-0.28812499,-0.28812499,-0.28812499,-0.28812499
219,1,0,0,1,2,100.1,2.834516385,-0.662913267,29.92052,-82.56542,Santa Fe,11/4/2015,1,3,0,0,0,0,NA,NA,NA,NA,NA,0.333333333,0.333333333,0.333333333,0.333333333,0.333333333,0.333333333,0.333333333,0.333333333,-0.28812499,-0.28812499,-0.28812499,-0.28812499,-0.28812499,-0.28812499,-0.28812499,-0.28812499
220,1,0,0,1,2,100.1,2.834516385,-0.662913267,29.92195,-82.56347,Santa Fe,11/4/2015,1,3,0,0,0,0,NA,NA,NA,NA,NA,0.333333333,0.333333333,0.333333333,0.333333333,0.333333333,0.333333333,0.333333333,0.333333333,-0.28812499,-0.28812499,-0.28812499,-0.28812499,-0.28812499,-0.28812499,-0.28812499,-0.28812499
